"","kingdom","phylum","class","order","family","genus","species"
"1","Animalia","Arthropoda","Insecta","Lepidoptera","Pieridae","Pieris","Pieris brassicae"
"2","Animalia","Arthropoda","Insecta","Lepidoptera","Papilionidae","Papilio","Papilio demodocus"
"3","Animalia","Arthropoda","Insecta","Lepidoptera","Pieridae","Mylothris","Mylothris agathina"
"4","Animalia","Arthropoda","Insecta","Lepidoptera","Lasiocampidae","Eutricha","Eutricha capensis"
"5","Animalia","Arthropoda","Insecta","Lepidoptera","Geometridae","Axiodes","Axiodes bifasciata"
"6","Animalia","Arthropoda","Insecta","Lepidoptera","Geometridae","Sicyodes","Sicyodes cambogiaria"
"7","Animalia","Arthropoda","Insecta","Lepidoptera","Pieridae","Dixeia","Dixeia charina"
"8","Animalia","Arthropoda","Insecta","Lepidoptera","Erebidae","Cuneisigna","Cuneisigna obstans"
"9","Animalia","Arthropoda","Insecta","Lepidoptera","Geometridae","Chiasmia","Chiasmia observata"
"10","Animalia","Arthropoda","Insecta","Lepidoptera","Nymphalidae","Catacroptera","Catacroptera cloanthe"
"11","Animalia","Arthropoda","Insecta","Lepidoptera","Nymphalidae","Acraea","Acraea rabbaiae"
"12","Animalia","Arthropoda","Insecta","Lepidoptera","Nymphalidae","Acraea","Acraea horta"
"13","Animalia","Arthropoda","Insecta","Lepidoptera","Lycaenidae","Hypolycaena","Hypolycaena philippus"
"14","Animalia","Arthropoda","Insecta","Lepidoptera","Nymphalidae","Amauris","Amauris ochlea"
"15","Animalia","Arthropoda","Insecta","Lepidoptera","Pieridae","Eronia","Eronia cleodora"
"16","Animalia","Arthropoda","Insecta","Lepidoptera","Nymphalidae","Stephenia",""
"17","Animalia","Arthropoda","Insecta","Lepidoptera","Pieridae","Colotis","Colotis eris"
"18","Animalia","Arthropoda","Insecta","Lepidoptera","Nymphalidae","Acraea","Telchinia encedon"
"19","Animalia","Arthropoda","Insecta","Lepidoptera","Sphingidae","Hippotion","Hippotion eson"
"20","Animalia","Arthropoda","Insecta","Lepidoptera","Nymphalidae","Vanessa","Vanessa cardui"
"21","Animalia","Arthropoda","Insecta","Lepidoptera","Pieridae","Colotis","Colotis annae"
"22","Animalia","Arthropoda","Insecta","Lepidoptera","Nymphalidae","Junonia","Junonia hierta"
"23","Animalia","Arthropoda","Insecta","Lepidoptera","Nymphalidae","Hamanumida","Hamanumida daedalus"
"24","Animalia","Arthropoda","Insecta","Lepidoptera","Lycaenidae","Aloeides","Aloeides pierus"
"25","Animalia","Arthropoda","Insecta","Lepidoptera","Geometridae","Rhodometra","Rhodometra participata"
"26","Animalia","Arthropoda","Insecta","Lepidoptera","Erebidae","Ercheia","Ercheia subsignata"
"27","Animalia","Arthropoda","Insecta","Lepidoptera","Crambidae","Antigastra","Antigastra catalaunalis"
"28","Animalia","Arthropoda","Insecta","Lepidoptera","Noctuidae","Leucotrachea","Leucotrachea melanodonta"
"29","Animalia","Arthropoda","Insecta","Lepidoptera","Nolidae","Paranola","Paranola nigristriga"
"30","Animalia","Arthropoda","Insecta","Lepidoptera","Lycaenidae","Leptotes",""
"31","Animalia","Arthropoda","Insecta","Lepidoptera","Cossidae","Macrocossus","Macrocossus toluminus"
"32","Animalia","Arthropoda","Insecta","Lepidoptera","Notodontidae","Phalera","Phalera lydenburgi"
"33","Animalia","Arthropoda","Insecta","Lepidoptera","Sphingidae","Coelonia","Coelonia fulvinotata"
"34","Animalia","Arthropoda","Insecta","Lepidoptera","Erebidae","Hypopyra","Hypopyra capensis"
"35","Animalia","Arthropoda","Insecta","Lepidoptera","Pieridae","Pontia","Pontia helice"
"36","Animalia","Arthropoda","Insecta","Lepidoptera","Notodontidae","Desmeocraera","Desmeocraera basalis"
"37","Animalia","Arthropoda","Insecta","Lepidoptera","Lasiocampidae","Philotherma","Philotherma rennei"
"38","Animalia","Arthropoda","Insecta","Lepidoptera","Tortricidae","Epichoristodes","Epichoristodes acerbella"
"39","Animalia","Arthropoda","Insecta","Lepidoptera","Eupterotidae","Striphnopteryx","Striphnopteryx edulis"
"40","Animalia","Arthropoda","Insecta","Lepidoptera","Erebidae","Euproctis","Euproctis haemodetes"
"41","Animalia","Arthropoda","Insecta","Lepidoptera","Erebidae","Grammodes","Grammodes stolida"
"42","Animalia","Arthropoda","Insecta","Lepidoptera","Limacodidae","Deltoptera","Deltoptera iphia"
"43","Animalia","Arthropoda","Insecta","Lepidoptera","Nymphalidae","Acraea","Acraea cabira"
"44","Animalia","Arthropoda","Insecta","Lepidoptera","Erebidae","Achaea","Achaea catella"
"45","Animalia","Arthropoda","Insecta","Lepidoptera","Erebidae","Hemerophanes","Hemerophanes libyra"
"46","Animalia","Arthropoda","Insecta","Lepidoptera","Geometridae","Rhadinomphax","Rhadinomphax trimeni"
"47","Animalia","Arthropoda","Insecta","Lepidoptera","Pieridae","Terias",""
"48","Animalia","Arthropoda","Insecta","Lepidoptera","Erebidae","Laelia","Laelia fusca"
"49","Animalia","Arthropoda","Insecta","Lepidoptera","Geometridae","Anthemoctena","Anthemoctena textilis"
"50","Animalia","Arthropoda","Insecta","Lepidoptera","Noctuidae","Cornutiplusia","Cornutiplusia circumflexa"
"51","Animalia","Arthropoda","Insecta","Lepidoptera","Lycaenidae","Epamera","Epamera mimosae"
"52","Animalia","Arthropoda","Insecta","Lepidoptera","Pieridae","Leptosia","Leptosia alcesta"
"53","Animalia","Arthropoda","Insecta","Lepidoptera","Noctuidae","Diaphone","Diaphone eumela"
"54","Animalia","Arthropoda","Insecta","Lepidoptera","Euteliidae","Eutelia","Eutelia polychorda"
"55","Animalia","Arthropoda","Insecta","Lepidoptera","Eupterotidae","Poloma","Poloma angulata"
"56","Animalia","Arthropoda","Insecta","Lepidoptera","Erebidae","Pteredoa","Pteredoa monosticta"
"57","Animalia","Arthropoda","Insecta","Lepidoptera","Erebidae","Bracharoa","Bracharoa dregei"
"58","Animalia","Arthropoda","Insecta","Lepidoptera","Lasiocampidae","Streblote","Streblote cristata"
"59","Animalia","Arthropoda","Insecta","Lepidoptera","Lycaenidae","Zizula","Zizula hylax"
"60","Animalia","Arthropoda","Insecta","Lepidoptera","Pyralidae","Achroia","Achroia grisella"
"61","Animalia","Arthropoda","Insecta","Lepidoptera","Erebidae","Laelia","Laelia clarki"
"62","Animalia","Arthropoda","Insecta","Lepidoptera","Lycaenidae","Durbania","Durbania limbata"
"63","Animalia","Arthropoda","Insecta","Lepidoptera","Lycaenidae","Capys","Capys alpheus"
"64","Animalia","Arthropoda","Insecta","Lepidoptera","Eupterotidae","Jana","Jana eurymas"
"65","Animalia","Arthropoda","Insecta","Lepidoptera","Nolidae","Maurilia","Maurilia arcuata"
"66","Animalia","Arthropoda","Insecta","Lepidoptera","Cossidae","Brachylia","Brachylia terebroides"
"67","Animalia","Arthropoda","Insecta","Lepidoptera","Erebidae","Cyligramma","Cyligramma latona"
"68","Animalia","Arthropoda","Insecta","Lepidoptera","Noctuidae","Iambiodes","Iambiodes nyctostola"
"69","Animalia","Arthropoda","Insecta","Lepidoptera","Erebidae","Aroa","Aroa discalis"
"70","Animalia","Arthropoda","Insecta","Lepidoptera","Lasiocampidae","Bombycomorpha","Bombycomorpha pallida"
"71","Animalia","Arthropoda","Insecta","Lepidoptera","Pieridae","Eurema","Eurema hecabe"
"72","Animalia","Arthropoda","Insecta","Lepidoptera","Erebidae","Epitoxis","Epitoxis amazoula"
"73","Animalia","Arthropoda","Insecta","Lepidoptera","Geometridae","Argyrophora","Argyrophora trofonia"
"74","Animalia","Arthropoda","Insecta","Lepidoptera","Hesperiidae","Spialia","Spialia spio"
"75","Animalia","Arthropoda","Insecta","Lepidoptera","Crambidae","Antigastra","Antigastra morysalis"
"76","Animalia","Arthropoda","Insecta","Lepidoptera","Erebidae","Dasychira","Dicranuropsis vilis"
"77","Animalia","Arthropoda","Insecta","Lepidoptera","Saturniidae","Heniocha","Heniocha apollonia"
"78","Animalia","Arthropoda","Insecta","Lepidoptera","Erebidae","Euproctis","Euproctis crocata"
"79","Animalia","Arthropoda","Insecta","Lepidoptera","Notodontidae","Stemmatophalera","Stemmatophalera curvilinea"
"80","Animalia","Arthropoda","Insecta","Lepidoptera","Geometridae","Chiasmia","Chiasmia streniata"
"81","Animalia","Arthropoda","Insecta","Lepidoptera","Geometridae","Axiodes","Axiodes dochmoleuca"
"82","Animalia","Arthropoda","Insecta","Lepidoptera","Sphingidae","Agrius","Agrius convolvuli"
"83","Animalia","Arthropoda","Insecta","Lepidoptera","Geometridae","Chlorissa","Chlorissa albistrigulata"
"84","Animalia","Arthropoda","Insecta","Lepidoptera","Erebidae","Dasychira","Dasychira proleprota"
"85","Animalia","Arthropoda","Insecta","Lepidoptera","Erebidae","Pseudonaclia","Pseudonaclia puella"
"86","Animalia","Arthropoda","Insecta","Lepidoptera","Erebidae","Cymaroa","Cymaroa grisea"
"87","Animalia","Arthropoda","Insecta","Lepidoptera","Erebidae","Euproctis","Knappetra fasciata"
"88","Animalia","Arthropoda","Insecta","Lepidoptera","Erebidae","Amata","Amata kuhlweini"
"89","Animalia","Arthropoda","Insecta","Lepidoptera","Crambidae","Herpetogramma","Herpetogramma mutualis"
"90","Animalia","Arthropoda","Insecta","Lepidoptera","Erebidae","Thyretes","Thyretes caffra"
"91","Animalia","Arthropoda","Insecta","Lepidoptera","Saturniidae","Nudaurelia","Nudaurelia cytherea"
"92","Animalia","Arthropoda","Insecta","Lepidoptera","Pyralidae","Lamoria","Lamoria imbella"
"93","Animalia","Arthropoda","Insecta","Lepidoptera","Erebidae","Rhodogastria","Rhodogastria amasis"
"94","Animalia","Arthropoda","Insecta","Lepidoptera","Lycaenidae","Crudaria","Crudaria leroma"
"95","Animalia","Arthropoda","Insecta","Lepidoptera","Noctuidae","Ochropleura","Ochropleura leucogaster"
"96","Animalia","Arthropoda","Insecta","Lepidoptera","Nymphalidae","Acraea","Acraea rahira"
"97","Animalia","Arthropoda","Insecta","Lepidoptera","Lycaenidae","Leptotes","Leptotes pulchra"
"98","Animalia","Arthropoda","Insecta","Lepidoptera","Noctuidae","Leucochlaena","Leucochlaena aenigma"
"99","Animalia","Arthropoda","Insecta","Lepidoptera","Erebidae","Thyretes","Thyretes hippotes"
"100","Animalia","Arthropoda","Insecta","Lepidoptera","Saturniidae","Gonimbrasia","Gonimbrasia tyrrhea"
"101","Animalia","Arthropoda","Insecta","Lepidoptera","Hesperiidae","Metisella","Metisella malgacha"
"102","Animalia","Arthropoda","Insecta","Lepidoptera","Hesperiidae","Spialia","Spialia mafa"
"103","Animalia","Arthropoda","Insecta","Lepidoptera","Lycaenidae","Zizeeria","Zizeeria knysna"
"104","Animalia","Arthropoda","Insecta","Lepidoptera","Noctuidae","Acronicta","Acronicta transvalica"
"105","Animalia","Arthropoda","Insecta","Lepidoptera","Geometridae","Rhodometra","Rhodometra sacraria"
"106","Animalia","Arthropoda","Insecta","Lepidoptera","Papilionidae","Papilio","Papilio ophidicephalus"
"107","Animalia","Arthropoda","Insecta","Lepidoptera","Eupterotidae","Phiala","Phiala pretoriana"
"108","Animalia","Arthropoda","Insecta","Lepidoptera","Sphingidae","Theretra","Theretra capensis"
"109","Animalia","Arthropoda","Insecta","Lepidoptera","Pieridae","Colotis","Colotis vesta"
"110","Animalia","Arthropoda","Insecta","Lepidoptera","Nymphalidae","Charaxes","Charaxes castor"
"111","Animalia","Arthropoda","Insecta","Lepidoptera","Limacodidae","Parasa","Parasa latistriga"
"112","Animalia","Arthropoda","Insecta","Lepidoptera","Nymphalidae","Junonia","Junonia orithya"
"113","Animalia","Arthropoda","Insecta","Lepidoptera","Nymphalidae","Charaxes","Charaxes varanes"
"114","Animalia","Arthropoda","Insecta","Lepidoptera","Sphingidae","Acherontia","Acherontia atropos"
"115","Animalia","Arthropoda","Insecta","Lepidoptera","Nymphalidae","Cassionympha","Cassionympha cassius"
"116","Animalia","Arthropoda","Insecta","Lepidoptera","Erebidae","Audea","Audea fumata"
"117","Animalia","Arthropoda","Insecta","Lepidoptera","Geometridae","Conolophia","Conolophia conscitaria"
"118","Animalia","Arthropoda","Insecta","Lepidoptera","Geometridae","Colocleora","Colocleora divisaria"
"119","Animalia","Arthropoda","Insecta","Lepidoptera","Nymphalidae","Mycalesis","Mycalesis rhacotis"
"120","Animalia","Arthropoda","Insecta","Lepidoptera","Geometridae","Xanthorhoe","Xanthorhoe exorista"
"121","Animalia","Arthropoda","Insecta","Lepidoptera","Pieridae","Belenois","Belenois zochalia"
"122","Animalia","Arthropoda","Insecta","Lepidoptera","Geometridae","Eupithecia","Eupithecia immodica"
"123","Animalia","Arthropoda","Insecta","Lepidoptera","Noctuidae","Cosmia","Cosmia polymorpha"
"124","Animalia","Arthropoda","Insecta","Lepidoptera","Erebidae","Pandesma","Pandesma robusta"
"125","Animalia","Arthropoda","Insecta","Lepidoptera","Noctuidae","Mythimna","Mythimna tincta"
"126","Animalia","Arthropoda","Insecta","Lepidoptera","Crambidae","Synclera","Synclera traducalis"
"127","Animalia","Arthropoda","Insecta","Lepidoptera","Erebidae","Tolna","Tolna sypnoides"
"128","Animalia","Arthropoda","Insecta","Lepidoptera","Notodontidae","Catochria","Catochria catocaloides"
"129","Animalia","Arthropoda","Insecta","Lepidoptera","Nymphalidae","Neptis","Neptis saclava"
"130","Animalia","Arthropoda","Insecta","Lepidoptera","Noctuidae","Klugeana","Klugeana philoxalis"
"131","Animalia","Arthropoda","Insecta","Lepidoptera","Noctuidae","Selenistis","Selenistis annulella"
"132","Animalia","Arthropoda","Insecta","Lepidoptera","Noctuidae","Ethioterpia","Ethioterpia lichenea"
"133","Animalia","Arthropoda","Insecta","Lepidoptera","Noctuidae","Neuranethes","Neuranethes spodopterodes"
"134","Animalia","Arthropoda","Insecta","Lepidoptera","Erebidae","Cerocala","Cerocala vermiculosa"
"135","Animalia","Arthropoda","Insecta","Lepidoptera","Pyralidae","Philotis","Philotis basalis"
"136","Animalia","Arthropoda","Insecta","Lepidoptera","Erebidae","Amerila","Amerila bauri"
"137","Animalia","Arthropoda","Insecta","Lepidoptera","Noctuidae","Caradrina","Caradrina glaucistis"
"138","Animalia","Arthropoda","Insecta","Lepidoptera","Erebidae","Naroma","Naroma varipes"
"139","Animalia","Arthropoda","Insecta","Lepidoptera","Erebidae","Siccia","Siccia tsitsikamma"
"140","Animalia","Arthropoda","Insecta","Lepidoptera","Crambidae","Dysallacta","Dysallacta negatalis"
"141","Animalia","Arthropoda","Insecta","Lepidoptera","Nymphalidae","Acraea","Telchinia serena"
"142","Animalia","Arthropoda","Insecta","Lepidoptera","Hesperiidae","Kedestes","Kedestes niveostriga"
"143","Animalia","Arthropoda","Insecta","Lepidoptera","Nymphalidae","Danaus","Danaus chrysippus"
"144","Animalia","Arthropoda","Insecta","Lepidoptera","Nymphalidae","Byblia","Byblia anvatara"
"145","Animalia","Arthropoda","Insecta","Lepidoptera","Eupterotidae","Rhabdosia","Rhabdosia vaninia"
"146","Animalia","Arthropoda","Insecta","Lepidoptera","Crambidae","Spoladea","Spoladea recurvalis"
"147","Animalia","Arthropoda","Insecta","Lepidoptera","Noctuidae","Helicoverpa","Helicoverpa armigera"
"148","Animalia","Arthropoda","Insecta","Lepidoptera","Pyralidae","Tegulifera","Tegulifera tristiculalis"
"149","Animalia","Arthropoda","Insecta","Lepidoptera","Erebidae","Anomis","Anomis sabulifera"
"150","Animalia","Arthropoda","Insecta","Lepidoptera","Erebidae","Hypocala","Hypocala deflorata"
"151","Animalia","Arthropoda","Insecta","Lepidoptera","Pyralidae","Hypsopygia","Hypsopygia nostralis"
"152","Animalia","Arthropoda","Insecta","Lepidoptera","Geometridae","Hemixesma","Hemixesma anthocrenias"
"153","Animalia","Arthropoda","Insecta","Lepidoptera","Geometridae","Argyrophora","Argyrophora variabilis"
"154","Animalia","Arthropoda","Insecta","Lepidoptera","Erebidae","Lacipa","Lacipa nobilis"
"155","Animalia","Arthropoda","Insecta","Lepidoptera","Nymphalidae","Phalanta","Phalanta phalantha"
"156","Animalia","Arthropoda","Insecta","Lepidoptera","Erebidae","Amerila","Amerila phaedra"
"157","Animalia","Arthropoda","Insecta","Lepidoptera","Noctuidae","Ctenoplusia","Ctenoplusia furcifera"
"158","Animalia","Arthropoda","Insecta","Lepidoptera","Hesperiidae","Metisella","Metisella metis"
"159","Animalia","Arthropoda","Insecta","Lepidoptera","Crambidae","Glaucocharis","Glaucocharis natalensis"
"160","Animalia","Arthropoda","Insecta","Lepidoptera","Nymphalidae","Precis","Precis octavia"
"161","Animalia","Arthropoda","Insecta","Lepidoptera","Nymphalidae","Pardopsis","Pardopsis punctatissima"
"162","Animalia","Arthropoda","Insecta","Lepidoptera","Geometridae","Menophra","Menophra obtusata"
"163","Animalia","Arthropoda","Insecta","Lepidoptera","Nymphalidae","Chloropoea","Chloropoea boisduvalii"
"164","Animalia","Arthropoda","Insecta","Lepidoptera","Geometridae","Menophra","Menophra serrataria"
"165","Animalia","Arthropoda","Insecta","Lepidoptera","Saturniidae","Argema","Argema mimosae"
"166","Animalia","Arthropoda","Insecta","Lepidoptera","Ethmiidae","Ethmia","Ethmia circumdatella"
"167","Animalia","Arthropoda","Insecta","Lepidoptera","Erebidae","Attatha","Attatha attathoides"
"168","Animalia","Arthropoda","Insecta","Lepidoptera","Crambidae","Diasemia","Diasemia monostigma"
"169","Animalia","Arthropoda","Insecta","Lepidoptera","Saturniidae","Bunaeopsis","Bunaeopsis arabella"
"170","Animalia","Arthropoda","Insecta","Lepidoptera","Erebidae","Afromurzinia","Afromurzinia lutescens"
"171","Animalia","Arthropoda","Insecta","Lepidoptera","Geometridae","Zamarada","Zamarada metallicata"
"172","Animalia","Arthropoda","Insecta","Lepidoptera","Erebidae","Lysceia","Lysceia flava"
"173","Animalia","Arthropoda","Insecta","Lepidoptera","Nymphalidae","Tarsocera","Tarsocera cassina"
"174","Animalia","Arthropoda","Insecta","Lepidoptera","Geometridae","Drepanogynis","Drepanogynis mixtaria"
"175","Animalia","Arthropoda","Insecta","Lepidoptera","Notodontidae","Stemmatophalera","Stemmatophalera sjostedti"
"176","Animalia","Arthropoda","Insecta","Lepidoptera","Geometridae","Scopula","Scopula dissonans"
"177","Animalia","Arthropoda","Insecta","Lepidoptera","Nymphalidae","Junonia","Junonia oenone"
"178","Animalia","Arthropoda","Insecta","Lepidoptera","Erebidae","Amata","Amata cerbera"
"179","Animalia","Arthropoda","Insecta","Lepidoptera","Lycaenidae","Azanus","Azanus jesous"
"180","Animalia","Arthropoda","Insecta","Lepidoptera","Lasiocampidae","Pseudolyra","Pseudolyra distincta"
"181","Animalia","Arthropoda","Insecta","Lepidoptera","Pieridae","Belenois","Belenois aurota"
"182","Animalia","Arthropoda","Insecta","Lepidoptera","Notodontidae","Antheuella","Antheuella flavida"
"183","Animalia","Arthropoda","Insecta","Lepidoptera","Erebidae","Eyralpenus","Eyralpenus testacea"
"184","Animalia","Arthropoda","Insecta","Lepidoptera","Eupterotidae","Janomima","Janomima dannfelti"
"185","Animalia","Arthropoda","Insecta","Lepidoptera","Geometridae","Scopula","Scopula hectata"
"186","Animalia","Arthropoda","Insecta","Lepidoptera","Erebidae","Arctornis","Arctornis melanocraspis"
"187","Animalia","Arthropoda","Insecta","Lepidoptera","Tortricidae","Plutographa","Plutographa encharacta"
"188","Animalia","Arthropoda","Insecta","Lepidoptera","Cossidae","Azygophleps","Azygophleps inclusa"
"189","Animalia","Arthropoda","Insecta","Lepidoptera","Noctuidae","Tracheplexia","Tracheplexia albimacula"
"190","Animalia","Arthropoda","Insecta","Lepidoptera","Nymphalidae","Salamis","Protogoniomorpha parhassus"
"191","Animalia","Arthropoda","Insecta","Lepidoptera","Nymphalidae","Dira","Dira clytus"
"192","Animalia","Arthropoda","Insecta","Lepidoptera","Erebidae","Dasychira","Dasychira rocana"
"193","Animalia","Arthropoda","Insecta","Lepidoptera","Geometridae","Erastria","Erastria madecassaria"
"194","Animalia","Arthropoda","Insecta","Lepidoptera","Pieridae","Mylothris","Mylothris rueppellii"
"195","Animalia","Arthropoda","Insecta","Lepidoptera","Cossidae","Azygophleps","Azygophleps asylas"
"196","Animalia","Arthropoda","Insecta","Lepidoptera","Geometridae","Lhommeia","Lhommeia subapicata"
"197","Animalia","Arthropoda","Insecta","Lepidoptera","Sphingidae","Cephonodes","Cephonodes hylas"
"198","Animalia","Arthropoda","Insecta","Lepidoptera","Erebidae","Calliodes","Calliodes pretiosissima"
"199","Animalia","Arthropoda","Insecta","Lepidoptera","Crambidae","Crocidolomia","Crocidolomia pavonana"
"200","Animalia","Arthropoda","Insecta","Lepidoptera","Geometridae","Ascotis","Ascotis reciprocaria"
"201","Animalia","Arthropoda","Insecta","Lepidoptera","Geometridae","Chiasmia","Chiasmia subcurvaria"
"202","Animalia","Arthropoda","Insecta","Lepidoptera","Lycaenidae","Zeritis","Zeritis chrysaor"
"203","Animalia","Arthropoda","Insecta","Lepidoptera","Erebidae","Serrodes","Serrodes trispila"
"204","Animalia","Arthropoda","Insecta","Lepidoptera","Hesperiidae","Pelopidas","Pelopidas thrax"
"205","Animalia","Arthropoda","Insecta","Lepidoptera","Sphingidae","Daphnis","Daphnis nerii"
"206","Animalia","Arthropoda","Insecta","Lepidoptera","Crambidae","Crambus","Crambus sparsellus"
"207","Animalia","Arthropoda","Insecta","Lepidoptera","Nolidae","Negeta","Negeta ruficeps"
"208","Animalia","Arthropoda","Insecta","Lepidoptera","Nymphalidae","Junonia","Junonia natalica"
"209","Animalia","Arthropoda","Insecta","Lepidoptera","Erebidae","Ulotrichopus","Ulotrichopus variegata"
"210","Animalia","Arthropoda","Insecta","Lepidoptera","Erebidae","Ulotrichopus","Ulotrichopus mesoleuca"
"211","Animalia","Arthropoda","Insecta","Lepidoptera","Papilionidae","Papilio","Papilio echerioides"
"212","Animalia","Arthropoda","Insecta","Lepidoptera","Erebidae","Sphingomorpha","Sphingomorpha chlorea"
"213","Animalia","Arthropoda","Insecta","Lepidoptera","Erebidae","Dasychira","Dasychira extatura"
"214","Animalia","Arthropoda","Insecta","Lepidoptera","Sphingidae","Macroglossum","Macroglossum trochilus"
"215","Animalia","Arthropoda","Insecta","Lepidoptera","Erebidae","Automolis","Automolis lateritia"
"216","Animalia","Arthropoda","Insecta","Lepidoptera","Pieridae","Belenois","Belenois gidica"
"217","Animalia","Arthropoda","Insecta","Lepidoptera","Erebidae","Ulotrichopus","Ulotrichopus tinctipennis"
"218","Animalia","Arthropoda","Insecta","Lepidoptera","Geometridae","Chiasmia","Chiasmia inaequilinea"
"219","Animalia","Arthropoda","Insecta","Lepidoptera","Noctuidae","Daseochaeta","Daseochaeta verbenata"
"220","Animalia","Arthropoda","Insecta","Lepidoptera","Saturniidae","Gynanisa","Gynanisa maja"
"221","Animalia","Arthropoda","Insecta","Lepidoptera","Saturniidae","Usta","Usta terpsichore"
"222","Animalia","Arthropoda","Insecta","Lepidoptera","Nymphalidae","Acraea","Acraea esebria"
"223","Animalia","Arthropoda","Insecta","Lepidoptera","Lasiocampidae","Rhinobombyx","Rhinobombyx cuneata"
"224","Animalia","Arthropoda","Insecta","Lepidoptera","Geometridae","Scopula","Scopula nigrinotata"
"225","Animalia","Arthropoda","Insecta","Lepidoptera","Lycaenidae","Cacyreus","Cacyreus marshalli"
"226","Animalia","Arthropoda","Insecta","Lepidoptera","Papilionidae","Papilio","Papilio nireus"
"227","Animalia","Arthropoda","Insecta","Lepidoptera","Nolidae","Xanthodes","Xanthodes albago"
"228","Animalia","Arthropoda","Insecta","Lepidoptera","Saturniidae","Heniocha","Heniocha marnois"
"229","Animalia","Arthropoda","Insecta","Lepidoptera","Geometridae","Chiasmia","Chiasmia rectistriaria"
"230","Animalia","Arthropoda","Insecta","Lepidoptera","Lycaenidae","Lampides","Lampides boeticus"
"231","Animalia","Arthropoda","Insecta","Lepidoptera","Nymphalidae","",""
"232","Animalia","Arthropoda","Insecta","Lepidoptera","Nymphalidae","Charaxes","Charaxes jasius"
"233","Animalia","Arthropoda","Insecta","Lepidoptera","Erebidae","Nodaria","Nodaria nodosalis"
"234","Animalia","Arthropoda","Insecta","Lepidoptera","Sphingidae","Hippotion",""
"235","Animalia","Arthropoda","Insecta","Lepidoptera","Erebidae","Utetheisa","Utetheisa pulchella"
"236","Animalia","Arthropoda","Insecta","Lepidoptera","Lasiocampidae","Bombycomorpha","Bombycomorpha bifascia"
"237","Animalia","Arthropoda","Insecta","Lepidoptera","Erebidae","Parascotia","Parascotia lamprolophoides"
"238","Animalia","Arthropoda","Insecta","Lepidoptera","Plutellidae","Plutella","Plutella xylostella"
"239","Animalia","Arthropoda","Insecta","Lepidoptera","Erebidae","Auchenisa","Auchenisa senex"
"240","Animalia","Arthropoda","Insecta","Lepidoptera","Crambidae","Glyphodes","Glyphodes bicoloralis"
"241","Animalia","Arthropoda","Insecta","Lepidoptera","Erebidae","Catephia","Catephia amplificans"
"242","Animalia","Arthropoda","Insecta","Lepidoptera","Erebidae","Amata","Amata johanna"
"243","Animalia","Arthropoda","Insecta","Lepidoptera","Geometridae","Drepanogynis","Drepanogynis sinuata"
"244","Animalia","Arthropoda","Insecta","Lepidoptera","Cossidae","Aethalopteryx","Aethalopteryx squameus"
"245","Animalia","Arthropoda","Insecta","Lepidoptera","Noctuidae","Compsotata","Compsotata elegantissima"
"246","Animalia","Arthropoda","Insecta","Lepidoptera","Lycaenidae","Eicochrysops","Eicochrysops messapus"
"247","Animalia","Arthropoda","Insecta","Lepidoptera","Erebidae","Saenura","Saenura flava"
"248","Animalia","Arthropoda","Insecta","Lepidoptera","Noctuidae","Heliothis",""
"249","Animalia","Arthropoda","Insecta","Lepidoptera","Crambidae","Hellula","Hellula undalis"
"250","Animalia","Arthropoda","Insecta","Lepidoptera","Yponomeutidae","Yponomeuta","Yponomeuta fumigata"
"251","Animalia","Arthropoda","Insecta","Lepidoptera","Tortricidae","Coccothera","Coccothera spissana"
"252","Animalia","Arthropoda","Insecta","Lepidoptera","Sphingidae","Hippotion","Hippotion celerio"
"253","Animalia","Arthropoda","Insecta","Lepidoptera","Lycaenidae","Anthene","Anthene definita"
"254","Animalia","Arthropoda","Insecta","Lepidoptera","Pyralidae","Acrobasis",""
"255","Animalia","Arthropoda","Insecta","Lepidoptera","Lycaenidae","Aphnaeus","Aphnaeus namaquus"
"256","Animalia","Arthropoda","Insecta","Lepidoptera","Lycaenidae","Cacyreus","Cacyreus fracta"
"257","Animalia","Arthropoda","Insecta","Lepidoptera","Geometridae","Zamarada","Zamarada differens"
"258","Animalia","Arthropoda","Insecta","Lepidoptera","Crambidae","Udea","Udea ferrugalis"
"259","Animalia","Arthropoda","Insecta","Lepidoptera","Erebidae","Arsacia","Arsacia rectalis"
"260","Animalia","Arthropoda","Insecta","Lepidoptera","Geometridae","Veniliodes","Veniliodes pantheraria"
"261","Animalia","Arthropoda","Insecta","Lepidoptera","Crambidae","Haritalodes","Haritalodes derogata"
"262","Animalia","Arthropoda","Insecta","Lepidoptera","Pyralidae","Zitha","Zitha carnicolor"
"263","Animalia","Arthropoda","Insecta","Lepidoptera","Nolidae","Nola","Nola argyrolepis"
"264","Animalia","Arthropoda","Insecta","Lepidoptera","Pieridae","Dixeia","Dixeia pigea"
"265","Animalia","Arthropoda","Insecta","Lepidoptera","Erebidae","Aizoa","Aizoa namaqua"
"266","Animalia","Arthropoda","Insecta","Lepidoptera","Geometridae","Scotopteryx","Scotopteryx horismodes"
"267","Animalia","Arthropoda","Insecta","Lepidoptera","Hesperiidae","Alenia","Alenia sandaster"
"268","Animalia","Arthropoda","Insecta","Lepidoptera","Crambidae","Palpita","Palpita vitrealis"
"269","Animalia","Arthropoda","Insecta","Lepidoptera","Geometridae","Mesoptila",""
"270","Animalia","Arthropoda","Insecta","Lepidoptera","Hesperiidae","Trida",""
"271","Animalia","Arthropoda","Insecta","Lepidoptera","Erebidae","Phytometra","Phytometra sacraria"
"272","Animalia","Arthropoda","Insecta","Lepidoptera","Erebidae","Paralacydes","Paralacydes vocula"
"273","Animalia","Arthropoda","Insecta","Lepidoptera","Erebidae","Afrospilarctia","Afrospilarctia dissimilis"
"274","Animalia","Arthropoda","Insecta","Lepidoptera","Nymphalidae","Junonia","Junonia archesia"
"275","Animalia","Arthropoda","Insecta","Lepidoptera","Nymphalidae","Charaxes","Charaxes brutus"
"276","Animalia","Arthropoda","Insecta","Lepidoptera","Lasiocampidae","Bombycomorpha","Bombycomorpha dukei"
"277","Animalia","Arthropoda","Insecta","Lepidoptera","Erebidae","Cyana","Cyana pretoriae"
"278","Animalia","Arthropoda","Insecta","Lepidoptera","Erebidae","Ustjuzhania","Ustjuzhania lineata"
"279","Animalia","Arthropoda","Insecta","Lepidoptera","Noctuidae","Agrotis",""
"280","Animalia","Arthropoda","Insecta","Lepidoptera","Crambidae","Trichophysetis","Trichophysetis whitei"
"281","Animalia","Arthropoda","Insecta","Lepidoptera","Sesiidae","Crinipus","Crinipus marisa"
"282","Animalia","Arthropoda","Insecta","Lepidoptera","Nymphalidae","Erebia",""
"283","Animalia","Arthropoda","Insecta","Lepidoptera","Geometridae","Ascotis","Ascotis selenaria"
"284","Animalia","Arthropoda","Insecta","Lepidoptera","Noctuidae","Spodoptera","Spodoptera triturata"
"285","Animalia","Arthropoda","Insecta","Lepidoptera","Erebidae","Acantholipes","Acantholipes trimeni"
"286","Animalia","Arthropoda","Insecta","Lepidoptera","Himantopteridae","Anamoeotes","Anamoeotes nigrivenosus"
"287","Animalia","Arthropoda","Insecta","Lepidoptera","Noctuidae","Eublemmistis","Eublemmistis chlorozonea"
"288","Animalia","Arthropoda","Insecta","Lepidoptera","Notodontidae","Odontoperas","Odontoperas heterogyna"
"289","Animalia","Arthropoda","Insecta","Lepidoptera","Erebidae","Sozusa","Sozusa scutellata"
"290","Animalia","Arthropoda","Insecta","Lepidoptera","Erebidae","Pericyma","Pericyma atrifusa"
"291","Animalia","Arthropoda","Insecta","Lepidoptera","Noctuidae","Ozarba","Ozarba gonatia"
"292","Animalia","Arthropoda","Insecta","Lepidoptera","Pyralidae","Pyralis","Pyralis farinalis"
"293","Animalia","Arthropoda","Insecta","Lepidoptera","Nymphalidae","Amauris","Amauris albimaculata"
"294","Animalia","Arthropoda","Insecta","Lepidoptera","Eupterotidae","Phyllalia","Phyllalia patens"
"295","Animalia","Arthropoda","Insecta","Lepidoptera","Nymphalidae","Hypolimnas","Hypolimnas misippus"
"296","Animalia","Arthropoda","Insecta","Lepidoptera","Lycaenidae","Leptomyrina","Leptomyrina lara"
"297","Animalia","Arthropoda","Insecta","Lepidoptera","Noctuidae","Eublemma","Eublemma glaucizona"
"298","Animalia","Arthropoda","Insecta","Lepidoptera","Erebidae","Bamra","Bamra marmorifera"
"299","Animalia","Arthropoda","Insecta","Lepidoptera","Crambidae","Elophila","Elophila obliteralis"
"300","Animalia","Arthropoda","Insecta","Lepidoptera","Erebidae","Bracharoa","Bracharoa quadripunctata"
"301","Animalia","Arthropoda","Insecta","Lepidoptera","Lycaenidae","Freyeria","Freyeria trochylus"
"302","Animalia","Arthropoda","Insecta","Lepidoptera","Geometridae","Zamarada","Zamarada pulverosa"
"303","Animalia","Arthropoda","Insecta","Lepidoptera","Pyralidae","Cactoblastis","Cactoblastis cactorum"
"304","Animalia","Arthropoda","Insecta","Lepidoptera","Lasiocampidae","Mesocelis","Mesocelis monticola"
"305","Animalia","Arthropoda","Insecta","Lepidoptera","Lasiocampidae","Gonometa","Gonometa postica"
"306","Animalia","Arthropoda","Insecta","Lepidoptera","Lycaenidae","Aloeides","Aloeides oreas"
"307","Animalia","Arthropoda","Insecta","Lepidoptera","Erebidae","Lymantria","Lymantria kettlewelli"
"308","Animalia","Arthropoda","Insecta","Lepidoptera","Erebidae","Hampsonata","Hampsonata phoenicia"
"309","Animalia","Arthropoda","Insecta","Lepidoptera","Nymphalidae","Pseudonympha","Pseudonympha magoides"
"310","Animalia","Arthropoda","Insecta","Lepidoptera","Noctuidae","Acontia","Acontia discoidea"
"311","Animalia","Arthropoda","Insecta","Lepidoptera","Erebidae","Amerila","Amerila bubo"
"312","Animalia","Arthropoda","Insecta","Lepidoptera","Erebidae","Rhanidophora","Rhanidophora phedonia"
"313","Animalia","Arthropoda","Insecta","Lepidoptera","Lycaenidae","Phasis","Phasis thero"
"314","Animalia","Arthropoda","Insecta","Lepidoptera","Erebidae","Rhanidophora","Rhanidophora aurantiaca"
"315","Animalia","Arthropoda","Insecta","Lepidoptera","Lycaenidae","Oraidium","Oraidium barberae"
"316","Animalia","Arthropoda","Insecta","Lepidoptera","Geometridae","Orbamia","Orbamia octomaculata"
"317","Animalia","Arthropoda","Insecta","Lepidoptera","Nymphalidae","Melanitis","Melanitis leda"
"318","Animalia","Arthropoda","Insecta","Lepidoptera","Tineidae","Ceratophaga","Ceratophaga vastellus"
"319","Animalia","Arthropoda","Insecta","Lepidoptera","Pieridae","Colotis","Colotis evagore"
"320","Animalia","Arthropoda","Insecta","Lepidoptera","Lycaenidae","Aloeides","Aloeides thyra"
"321","Animalia","Arthropoda","Insecta","Lepidoptera","Lasiocampidae","Stoermeriana","Stoermeriana scapulosa"
"322","Animalia","Arthropoda","Insecta","Lepidoptera","Erebidae","Orgyia","Orgyia tricolor"
"323","Animalia","Arthropoda","Insecta","Lepidoptera","Erebidae","Tyria","Tyria jacobaeae"
"324","Animalia","Arthropoda","Insecta","Lepidoptera","Pieridae","Colotis","Colotis euippe"
"325","Animalia","Arthropoda","Insecta","Lepidoptera","Saturniidae","Pselaphelia","Pselaphelia flavivitta"
"326","Animalia","Arthropoda","Insecta","Lepidoptera","Pieridae","Colotis","Colotis ione"
"327","Animalia","Arthropoda","Insecta","Lepidoptera","Tineidae","Tinea","Tinea pellionella"
"328","Animalia","Arthropoda","Insecta","Lepidoptera","Hepialidae","Eudalaca","Eudalaca ammon"
"329","Animalia","Arthropoda","Insecta","Lepidoptera","Erebidae","Bonaberiana","Bonaberiana crassisquama"
"330","Animalia","Arthropoda","Insecta","Lepidoptera","Lycaenidae","Tarucus","Tarucus sybaris"
"331","Animalia","Arthropoda","Insecta","Lepidoptera","Pieridae","Catopsilia","Catopsilia florella"
"332","Animalia","Arthropoda","Insecta","Lepidoptera","Lycaenidae","Lachnocnema","Lachnocnema bibulus"
"333","Animalia","Arthropoda","Insecta","Lepidoptera","Noctuidae","Spodoptera","Spodoptera cilium"
"334","Animalia","Arthropoda","Insecta","Lepidoptera","Erebidae","Grammodes","Grammodes exclusiva"
"335","Animalia","Arthropoda","Insecta","Lepidoptera","Saturniidae","Cirina","Cirina forda"
"336","Animalia","Arthropoda","Insecta","Lepidoptera","Lycaenidae","Aloeides","Aloeides henningi"
"337","Animalia","Arthropoda","Insecta","Lepidoptera","Lycaenidae","Actizera","Actizera lucida"
"338","Animalia","Arthropoda","Insecta","Lepidoptera","Erebidae","Euproctis","Euproctis subalba"
"339","Animalia","Arthropoda","Insecta","Lepidoptera","Crambidae","Hydriris","Hydriris ornatalis"
"340","Animalia","Arthropoda","Insecta","Lepidoptera","Erebidae","Lymantria","Morasa modesta"
"341","Animalia","Arthropoda","Insecta","Lepidoptera","Pieridae","Belenois","Belenois creona"
"342","Animalia","Arthropoda","Insecta","Lepidoptera","Nymphalidae","Stygionympha","Stygionympha curlei"
"343","Animalia","Arthropoda","Insecta","Lepidoptera","Crambidae","Glyphodes","Glyphodes amphipeda"
"344","Animalia","Arthropoda","Insecta","Lepidoptera","Pieridae","Colotis","Colotis evenina"
"345","Animalia","Arthropoda","Insecta","Lepidoptera","Crambidae","Cirrhochrista","Cirrhochrista grabczewskyi"
"346","Animalia","Arthropoda","Insecta","Lepidoptera","Erebidae","Polymona","Polymona rufifemur"
"347","Animalia","Arthropoda","Insecta","Lepidoptera","Limacodidae","Chrysopoloma","Chrysopoloma rudis"
"348","Animalia","Arthropoda","Insecta","Lepidoptera","Pieridae","Colotis","Colotis auxo"
"349","Animalia","Arthropoda","Insecta","Lepidoptera","Noctuidae","Agoma","Agoma trimenii"
"350","Animalia","Arthropoda","Insecta","Lepidoptera","Nymphalidae","Junonia","Junonia terea"
"351","Animalia","Arthropoda","Insecta","Lepidoptera","Lycaenidae","Lepidochrysops","Lepidochrysops oreas"
"352","Animalia","Arthropoda","Insecta","Lepidoptera","Zygaenidae","Praezygaena","Praezygaena agria"
"353","Animalia","Arthropoda","Insecta","Lepidoptera","Pterophoridae","Stenodacma","Stenodacma wahlbergi"
"354","Animalia","Arthropoda","Insecta","Lepidoptera","Lycaenidae","Cupidopsis","Cupidopsis jobates"
"355","Animalia","Arthropoda","Insecta","Lepidoptera","Pieridae","Colotis","Colotis pallene"
"356","Animalia","Arthropoda","Insecta","Lepidoptera","Erebidae","Dasychira","Dasychira georgiana"
"357","Animalia","Arthropoda","Insecta","Lepidoptera","Crambidae","Eurrhyparodes","Eurrhyparodes tricoloralis"
"358","Animalia","Arthropoda","Insecta","Lepidoptera","Erebidae","Mocis","Mocis mutuaria"
"359","Animalia","Arthropoda","Insecta","Lepidoptera","Hesperiidae","Tagiades","Tagiades flesus"
"360","Animalia","Arthropoda","Insecta","Lepidoptera","Noctuidae","Tathorhynchus","Tathorhynchus exsiccata"
"361","Animalia","Arthropoda","Insecta","Lepidoptera","Nymphalidae","Precis","Precis ceryne"
"362","Animalia","Arthropoda","Insecta","Lepidoptera","Sphingidae","Hyles","Hyles livornica"
"363","Animalia","Arthropoda","Insecta","Lepidoptera","Lycaenidae","Castalius","Castalius melaena"
"364","Animalia","Arthropoda","Insecta","Lepidoptera","Lycaenidae","Leptomyrina","Leptomyrina henningi"
"365","Animalia","Arthropoda","Insecta","Lepidoptera","Pieridae","Nepheronia","Nepheronia buquetii"
"366","Animalia","Arthropoda","Insecta","Lepidoptera","Saturniidae","Goodia",""
"367","Animalia","Arthropoda","Insecta","Lepidoptera","Nymphalidae","Byblia","Byblia ilithyia"
"368","Animalia","Arthropoda","Insecta","Lepidoptera","Pieridae","Nepheronia","Nepheronia argia"
"369","Animalia","Arthropoda","Insecta","Lepidoptera","Lycaenidae","Anthene","Anthene amarah"
"370","Animalia","Arthropoda","Insecta","Lepidoptera","Hesperiidae","Eagris","Eagris nottoana"
"371","Animalia","Arthropoda","Insecta","Lepidoptera","Pterophoridae","Lantanophaga","Lantanophaga pusillidactylus"
"372","Animalia","Arthropoda","Insecta","Lepidoptera","Choreutidae","Tebenna","Tebenna micalis"
"373","Animalia","Arthropoda","Insecta","Lepidoptera","Geometridae","Zamarada","Zamarada transvisaria"
"374","Animalia","Arthropoda","Insecta","Lepidoptera","Papilionidae","Graphium","Graphium antheus"
"375","Animalia","Arthropoda","Insecta","Lepidoptera","Erebidae","Psalis","Psalis africana"
"376","Animalia","Arthropoda","Insecta","Lepidoptera","Erebidae","Anoba","Anoba atriplaga"
"377","Animalia","Arthropoda","Insecta","Lepidoptera","Erebidae","Rhesala","Rhesala moestalis"
"378","Animalia","Arthropoda","Insecta","Lepidoptera","Nolidae","Nola","Nola tineoides"
"379","Animalia","Arthropoda","Insecta","Lepidoptera","Nymphalidae","Amauris","Amauris niavius"
"380","Animalia","Arthropoda","Insecta","Lepidoptera","Pyralidae","Tegulifera","Sphalerosticha oblunata"
"381","Animalia","Arthropoda","Insecta","Lepidoptera","Nymphalidae","Charaxes","Charaxes cithaeron"
"382","Animalia","Arthropoda","Insecta","Lepidoptera","Erebidae","Pseudophragmatobia","Pseudophragmatobia perpunctata"
"383","Animalia","Arthropoda","Insecta","Lepidoptera","Erebidae","Phytometra","Phytometra duplicalis"
"384","Animalia","Arthropoda","Insecta","Lepidoptera","Geometridae","Comibaena","Comibaena leucospilata"
"385","Animalia","Arthropoda","Insecta","Lepidoptera","Geometridae","Pingasa","Pingasa abyssiniaria"
"386","Animalia","Arthropoda","Insecta","Lepidoptera","Erebidae","Achaea","Achaea klugii"
"387","Animalia","Arthropoda","Insecta","Lepidoptera","Zygaenidae","Neurosymploca","Neurosymploca kushaica"
"388","Animalia","Arthropoda","Insecta","Lepidoptera","Geometridae","Zamarada","Zamarada erugata"
"389","Animalia","Arthropoda","Insecta","Lepidoptera","Erebidae","Estigmene","Estigmene internigralis"
"390","Animalia","Arthropoda","Insecta","Lepidoptera","Saturniidae","Bunaea","Bunaea alcinoe"
"391","Animalia","Arthropoda","Insecta","Lepidoptera","Geometridae","Omphacodes","Omphacodes punctilineata"
"392","Animalia","Arthropoda","Insecta","Lepidoptera","Noctuidae","Condica","Condica capensis"
"393","Animalia","Arthropoda","Insecta","Lepidoptera","Nolidae","Arcyophora","Arcyophora longivalvis"
"394","Animalia","Arthropoda","Insecta","Lepidoptera","Erebidae","Hypena",""
"395","Animalia","Arthropoda","Insecta","Lepidoptera","Lycaenidae","Aloeides","Aloeides aranda"
"396","Animalia","Arthropoda","Insecta","Lepidoptera","Noctuidae","Eublemma","Eublemma rivula"
"397","Animalia","Arthropoda","Insecta","Lepidoptera","Lasiocampidae","Eutricha","Eutricha bifascia"
"398","Animalia","Arthropoda","Insecta","Lepidoptera","Crambidae","Glyphodes","Glyphodes bitriangulalis"
"399","Animalia","Arthropoda","Insecta","Lepidoptera","Adelidae","Ceromitia","Ceromitia mioclina"
"400","Animalia","Arthropoda","Insecta","Lepidoptera","Erebidae","Miniodes","Miniodes discolor"
"401","Animalia","Arthropoda","Insecta","Lepidoptera","Geometridae","Miantochora","Miantochora venerata"
"402","Animalia","Arthropoda","Insecta","Lepidoptera","Noctuidae","Heraclia","Heraclia africana"
"403","Animalia","Arthropoda","Insecta","Lepidoptera","Geometridae","Xenimpia","Xenimpia erosa"
"404","Animalia","Arthropoda","Insecta","Lepidoptera","Geometridae","Prasinocyma","Prasinocyma vermicularia"
"405","Animalia","Arthropoda","Insecta","Lepidoptera","Geometridae","Conchylia","Conchylia ditissimaria"
"406","Animalia","Arthropoda","Insecta","Lepidoptera","Sesiidae","Macrotarsipodes","Macrotarsipodes tricinctus"
"407","Animalia","Arthropoda","Insecta","Lepidoptera","Geometridae","Epigynopteryx","Epigynopteryx termininota"
"408","Animalia","Arthropoda","Insecta","Lepidoptera","Pyralidae","Panotima","Panotima angularis"
"409","Animalia","Arthropoda","Insecta","Lepidoptera","Lasiocampidae","Catalebeda","Catalebeda cuneilinea"
"410","Animalia","Arthropoda","Insecta","Lepidoptera","Crambidae","Diasemia","Diasemia lunalis"
"411","Animalia","Arthropoda","Insecta","Lepidoptera","Erebidae","Plecopterodes","Plecopterodes moderata"
"412","Animalia","Arthropoda","Insecta","Lepidoptera","Erebidae","Hypena","Hypena lividalis"
"413","Animalia","Arthropoda","Insecta","Lepidoptera","Hyblaeidae","Hyblaea","Hyblaea puera"
"414","Animalia","Arthropoda","Insecta","Lepidoptera","Papilionidae","Graphium","Graphium leonidas"
"415","Animalia","Arthropoda","Insecta","Lepidoptera","Geometridae","Drepanogynis","Drepanogynis fuscimargo"
"416","Animalia","Arthropoda","Insecta","Lepidoptera","Noctuidae","Acontia","Acontia guttifera"
"417","Animalia","Arthropoda","Insecta","Lepidoptera","Crambidae","Stemorrhages","Stemorrhages sericea"
"418","Animalia","Arthropoda","Insecta","Lepidoptera","Tortricidae","Lozotaenia","Lozotaenia capensana"
"419","Animalia","Arthropoda","Insecta","Lepidoptera","Oecophoridae","Isocrita","Isocrita protophanes"
"420","Animalia","Arthropoda","Insecta","Lepidoptera","Hepialidae","Metahepialus","Metahepialus xenoctenis"
"421","Animalia","Arthropoda","Insecta","Lepidoptera","Lycaenidae","Thestor","Thestor camdeboo"
"422","Animalia","Arthropoda","Insecta","Lepidoptera","Geometridae","Cleora","Cleora munda"
"423","Animalia","Arthropoda","Insecta","Lepidoptera","Lycaenidae","Tarucus","Tarucus thespis"
"424","Animalia","Arthropoda","Insecta","Lepidoptera","Geometridae","Mimoclystia","Mimoclystia explanata"
"425","Animalia","Arthropoda","Insecta","Lepidoptera","Papilionidae","Papilio","Papilio dardanus"
"426","Animalia","Arthropoda","Insecta","Lepidoptera","Geometridae","Isturgia","Isturgia catalaunaria"
"427","Animalia","Arthropoda","Insecta","Lepidoptera","Geometridae","Chlorerythra","Chlorerythra rubriplaga"
"428","Animalia","Arthropoda","Insecta","Lepidoptera","Crambidae","Argyractis","Argyractis capensis"
"429","Animalia","Arthropoda","Insecta","Lepidoptera","Nymphalidae","Charaxes","Charaxes candiope"
"430","Animalia","Arthropoda","Insecta","Lepidoptera","Nymphalidae","Charaxes","Charaxes zoolina"
"431","Animalia","Arthropoda","Insecta","Lepidoptera","Nymphalidae","Junonia","Junonia tugela"
"432","Animalia","Arthropoda","Insecta","Lepidoptera","Notodontidae","Amyops","Amyops ingens"
"433","Animalia","Arthropoda","Insecta","Lepidoptera","Lycaenidae","Zintha","Zintha hintza"
"434","Animalia","Arthropoda","Insecta","Lepidoptera","Nymphalidae","Charaxes","Charaxes jahlusa"
"435","Animalia","Arthropoda","Insecta","Lepidoptera","Noctuidae","Acontia",""
"436","Animalia","Arthropoda","Insecta","Lepidoptera","Noctuidae","Thysanoplusia","Thysanoplusia orichalcea"
"437","Animalia","Arthropoda","Insecta","Lepidoptera","Nolidae","Xanthodes","Xanthodes brunnescens"
"438","Animalia","Arthropoda","Insecta","Lepidoptera","Crambidae","Bradina","Bradina admixtalis"
"439","Animalia","Arthropoda","Insecta","Lepidoptera","Noctuidae","Agrotis","Agrotis segetum"
"440","Animalia","Arthropoda","Insecta","Lepidoptera","Papilionidae","Graphium","Graphium colonna"
"441","Animalia","Arthropoda","Insecta","Lepidoptera","Nymphalidae","Charaxes","Charaxes pelias"
"442","Animalia","Arthropoda","Insecta","Lepidoptera","Erebidae","Dysgonia","Dysgonia properans"
"443","Animalia","Arthropoda","Insecta","Lepidoptera","Uraniidae","",""
"444","Animalia","Arthropoda","Insecta","Lepidoptera","Nymphalidae","Lachnoptera","Lachnoptera ayresii"
"445","Animalia","Arthropoda","Insecta","Lepidoptera","Erebidae","Rhynchina","Rhynchina tinctalis"
"446","Animalia","Arthropoda","Insecta","Lepidoptera","Crambidae","Parapoynx","Parapoynx diminutalis"
"447","Animalia","Arthropoda","Insecta","Lepidoptera","Noctuidae","Amyna","Amyna axis"
"448","Animalia","Arthropoda","Insecta","Lepidoptera","Lycaenidae","Axiocerses","Axiocerses thyra"
"449","Animalia","Arthropoda","Insecta","Lepidoptera","Nymphalidae","Pseudonympha","Pseudonympha detecta"
"450","Animalia","Arthropoda","Insecta","Lepidoptera","Erebidae","Tearosoma","Tearosoma aspersum"
"451","Animalia","Arthropoda","Insecta","Lepidoptera","Lycaenidae","Lepidochrysops","Lepidochrysops robertsoni"
"452","Animalia","Arthropoda","Insecta","Lepidoptera","Geometridae","Adicocrita","Adicocrita koranata"
"453","Animalia","Arthropoda","Insecta","Lepidoptera","Crambidae","Achyra","Achyra nudalis"
"454","Animalia","Arthropoda","Insecta","Lepidoptera","Nolidae","Earias","Earias insulana"
"455","Animalia","Arthropoda","Insecta","Lepidoptera","Geometridae","Acanthovalva","Acanthovalva inconspicuaria"
"456","Animalia","Arthropoda","Insecta","Lepidoptera","Pyralidae","Plodia","Plodia interpunctella"
"457","Animalia","Arthropoda","Insecta","Lepidoptera","Sphingidae","Lophostethus","Lophostethus dumolinii"
"458","Animalia","Arthropoda","Insecta","Lepidoptera","Crambidae","Uresiphita","Uresiphita gilvata"
"459","Animalia","Arthropoda","Insecta","Lepidoptera","Erebidae","Anoba","Anoba plumipes"
"460","Animalia","Arthropoda","Insecta","Lepidoptera","Crambidae","Prionapteryx","Prionapteryx albimaculalis"
"461","Animalia","Arthropoda","Insecta","Lepidoptera","Lycaenidae","Cacyreus","Cacyreus lingeus"
"462","Animalia","Arthropoda","Insecta","Lepidoptera","Saturniidae","Tagoropsis","Tagoropsis flavinata"
"463","Animalia","Arthropoda","Insecta","Lepidoptera","Erebidae","Popoudina","Popoudina linea"
"464","Animalia","Arthropoda","Insecta","Lepidoptera","Lycaenidae","Aloeides",""
"465","Animalia","Arthropoda","Insecta","Lepidoptera","Limacodidae","Micraphe","Micraphe lateritia"
"466","Animalia","Arthropoda","Insecta","Lepidoptera","Geometridae","Traminda","Traminda vividaria"
"467","Animalia","Arthropoda","Insecta","Lepidoptera","Crambidae","Nomophila","Nomophila africana"
"468","Animalia","Arthropoda","Insecta","Lepidoptera","Noctuidae","Agrotis","Agrotis crassilinea"
"469","Animalia","Arthropoda","Insecta","Lepidoptera","Noctuidae","Hypobleta","Hypobleta viettei"
"470","Animalia","Arthropoda","Insecta","Lepidoptera","Euteliidae","Eutelia","Eutelia bowkeri"
"471","Animalia","Arthropoda","Insecta","Lepidoptera","Geometridae","Chiasmia","Chiasmia umbrata"
"472","Animalia","Arthropoda","Insecta","Lepidoptera","Geometridae","Isturgia","Isturgia focularia"
"473","Animalia","Arthropoda","Insecta","Lepidoptera","Lasiocampidae","Streblote","Streblote jansei"
"474","Animalia","Arthropoda","Insecta","Lepidoptera","Hepialidae","Eudalaca","Eudalaca orthocosma"
"475","Animalia","Arthropoda","Insecta","Lepidoptera","Pieridae","Pinacopteryx","Pinacopteryx eriphia"
"476","Animalia","Arthropoda","Insecta","Lepidoptera","Saturniidae","Ludia","Ludia delegorguei"
"477","Animalia","Arthropoda","Insecta","Lepidoptera","Erebidae","Corgatha","Corgatha producta"
"478","Animalia","Arthropoda","Insecta","Lepidoptera","Noctuidae","Autoba","Autoba gayneri"
"479","Animalia","Arthropoda","Insecta","Lepidoptera","Noctuidae","Eublemma","Eublemma aurantiaca"
"480","Animalia","Arthropoda","Insecta","Lepidoptera","Lasiocampidae","Eutricha","Eutricha obscura"
"481","Animalia","Arthropoda","Insecta","Lepidoptera","Erebidae","Rhesalides","Rhesalides natalensis"
"482","Animalia","Arthropoda","Insecta","Lepidoptera","Erebidae","Cuneisigna","Cuneisigna rivulata"
"483","Animalia","Arthropoda","Insecta","Lepidoptera","Crambidae","Pyrausta","Pyrausta testalis"
"484","Animalia","Arthropoda","Insecta","Lepidoptera","Nymphalidae","Mycalesis","Mycalesis anynana"
"485","Animalia","Arthropoda","Insecta","Lepidoptera","Geometridae","Pseudomaenas","Pseudomaenas alcidata"
"486","Animalia","Arthropoda","Insecta","Lepidoptera","Noctuidae","Oediblemma","Oediblemma trogoptera"
"487","Animalia","Arthropoda","Insecta","Lepidoptera","Erebidae","Ophiusa","Ophiusa tirhaca"
"488","Animalia","Arthropoda","Insecta","Lepidoptera","Nymphalidae","Cymothoe","Cymothoe coranus"
"489","Animalia","Arthropoda","Insecta","Lepidoptera","Erebidae","Leucaloa","Leucaloa eugraphica"
"490","Animalia","Arthropoda","Insecta","Lepidoptera","Hesperiidae","Abantis","Abantis tettensis"
"491","Animalia","Arthropoda","Insecta","Lepidoptera","Nymphalidae","Stygionympha","Stygionympha scotina"
"492","Animalia","Arthropoda","Insecta","Lepidoptera","Noctuidae","Ethioterpia","Ethioterpia marmorata"
"493","Animalia","Arthropoda","Insecta","Lepidoptera","Hesperiidae","Parosmodes","Parosmodes morantii"
"494","Animalia","Arthropoda","Insecta","Lepidoptera","Sphingidae","Theretra","Theretra cajus"
"495","Animalia","Arthropoda","Insecta","Lepidoptera","Lycaenidae","Brephidium","Brephidium metophis"
"496","Animalia","Arthropoda","Insecta","Lepidoptera","Geometridae","Comostolopsis","Comostolopsis stillata"
"497","Animalia","Arthropoda","Insecta","Lepidoptera","Erebidae","Hypena","Hypena varialis"
"498","Animalia","Arthropoda","Insecta","Lepidoptera","Adelidae","Ceromitia","Ceromitia wahlbergi"
"499","Animalia","Arthropoda","Insecta","Lepidoptera","Lycaenidae","Euchrysops","Euchrysops osiris"
"500","Animalia","Arthropoda","Insecta","Lepidoptera","Nymphalidae","Meneris","Aeropetes tulbaghia"
"501","Animalia","Arthropoda","Insecta","Lepidoptera","Erebidae","Polypogon","Polypogon melanommoides"
"502","Animalia","Arthropoda","Insecta","Lepidoptera","Pieridae","Colotis","Colotis amata"
"503","Animalia","Arthropoda","Insecta","Lepidoptera","Hesperiidae","Coeliades","Coeliades pisistratus"
"504","Animalia","Arthropoda","Insecta","Lepidoptera","Lycaenidae","Cacyreus",""
"505","Animalia","Arthropoda","Insecta","Lepidoptera","Geometridae","Scopula","Scopula spoliata"
"506","Animalia","Arthropoda","Insecta","Lepidoptera","Crambidae","Terastia","Terastia africana"
"507","Animalia","Arthropoda","Insecta","Lepidoptera","Lycaenidae","Aloeides","Aloeides trimeni"
"508","Animalia","Arthropoda","Insecta","Lepidoptera","Noctuidae","Leucania","Leucania loreyi"
"509","Animalia","Arthropoda","Insecta","Lepidoptera","Eupterotidae","Janomima","Janomima mariana"
"510","Animalia","Arthropoda","Insecta","Lepidoptera","Erebidae","Anomis","Anomis flava"
"511","Animalia","Arthropoda","Insecta","Lepidoptera","Lasiocampidae","Bombycopsis","Bombycopsis capicola"
"512","Animalia","Arthropoda","Insecta","Lepidoptera","Pieridae","Colotis","Colotis antevippe"
"513","Animalia","Arthropoda","Insecta","Lepidoptera","Pyralidae","Hypsopygia","Hypsopygia mauritialis"
"514","Animalia","Arthropoda","Insecta","Lepidoptera","Lycaenidae","Anthene","Anthene livida"
"515","Animalia","Arthropoda","Insecta","Lepidoptera","Crambidae","Lamprophaia","Lamprophaia ablactalis"
"516","Animalia","Arthropoda","Insecta","Lepidoptera","Noctuidae","Ozarba","Ozarba domina"
"517","Animalia","Arthropoda","Insecta","Lepidoptera","Erebidae","Calesia","Calesia zambesita"
"518","Animalia","Arthropoda","Insecta","Lepidoptera","Nymphalidae","Byblia","Byblia acheloia"
"519","Animalia","Arthropoda","Insecta","Lepidoptera","Lycaenidae","Lepidochrysops","Lepidochrysops plebeia"
"520","Animalia","Arthropoda","Insecta","Lepidoptera","Saturniidae","Cinabra","Cinabra hyperbius"
"521","Animalia","Arthropoda","Insecta","Lepidoptera","Nymphalidae","Coenyropsis","Coenyropsis natalii"
"522","Animalia","Arthropoda","Insecta","Lepidoptera","Nolidae","Pardoxia","Pardoxia graellsii"
"523","Animalia","Arthropoda","Insecta","Lepidoptera","Erebidae","Achaea","Achaea echo"
"524","Animalia","Arthropoda","Insecta","Lepidoptera","Erebidae","Antiophlebia","Antiophlebia bracteata"
"525","Animalia","Arthropoda","Insecta","Lepidoptera","Lycaenidae","Azanus","Azanus ubaldus"
"526","Animalia","Arthropoda","Insecta","Lepidoptera","Crambidae","Agathodes","Agathodes musivalis"
"527","Animalia","Arthropoda","Insecta","Lepidoptera","Erebidae","Secusio","Secusio strigata"
"528","Animalia","Arthropoda","Insecta","Lepidoptera","Erebidae","Ogoa","Ogoa simplex"
"529","Animalia","Arthropoda","Insecta","Lepidoptera","Crambidae","Duponchelia","Duponchelia lanceolalis"
"530","Animalia","Arthropoda","Insecta","Lepidoptera","Stathmopodidae","Stathmopoda","Stathmopoda crassella"
"531","Animalia","Arthropoda","Insecta","Lepidoptera","Euteliidae","Eutelia","Eutelia blandiatrix"
"532","Animalia","Arthropoda","Insecta","Lepidoptera","Lycaenidae","Axiocerses","Axiocerses perion"
"533","Animalia","Arthropoda","Insecta","Lepidoptera","Limacodidae","Parapluda","Parapluda invitabilis"
"534","Animalia","Arthropoda","Insecta","Lepidoptera","Noctuidae","Cucullia","Cucullia inaequalis"
"535","Animalia","Arthropoda","Insecta","Lepidoptera","Sphingidae","Pseudoclanis","Pseudoclanis postica"
"536","Animalia","Arthropoda","Insecta","Lepidoptera","Lycaenidae","Phasis","Phasis macmasteri"
"537","Animalia","Arthropoda","Insecta","Lepidoptera","Erebidae","Trigonodes","Trigonodes hyppasia"
"538","Animalia","Arthropoda","Insecta","Lepidoptera","Noctuidae","Brithys","Brithys crini"
"539","Animalia","Arthropoda","Insecta","Lepidoptera","Erebidae","Baniana","Baniana culminifera"
"540","Animalia","Arthropoda","Insecta","Lepidoptera","Nolidae","Blenina","Blenina squamifera"
"541","Animalia","Arthropoda","Insecta","Lepidoptera","Lycaenidae","Azanus","Azanus moriqua"
"542","Animalia","Arthropoda","Insecta","Lepidoptera","Noctuidae","Eublemma","Eublemma plumbosa"
"543","Animalia","Arthropoda","Insecta","Lepidoptera","Nymphalidae","Heteropsis","Heteropsis perspicua"
"544","Animalia","Arthropoda","Insecta","Lepidoptera","Lycaenidae","Chrysoritis",""
"545","Animalia","Arthropoda","Insecta","Lepidoptera","Lycaenidae","Azanus","Azanus natalensis"
"546","Animalia","Arthropoda","Insecta","Lepidoptera","Hesperiidae","Willema","Willema willemi"
"547","Animalia","Arthropoda","Insecta","Lepidoptera","Lycaenidae","Aloeides","Aloeides taikosama"
"548","Animalia","Arthropoda","Insecta","Lepidoptera","Crambidae","Diaphania","Diaphania indica"
"549","Animalia","Arthropoda","Insecta","Lepidoptera","Hesperiidae","Ernsta",""
"550","Animalia","Arthropoda","Insecta","Lepidoptera","Hesperiidae","Nervia",""
"551","Animalia","Arthropoda","Insecta","Lepidoptera","Hesperiidae","Baoris","Baoris fatuellus"
"552","Animalia","Arthropoda","Insecta","Lepidoptera","Noctuidae","Nyodes","Nyodes lutescens"
"553","Animalia","Arthropoda","Insecta","Lepidoptera","Nymphalidae","Libythea","Libythea laius"
"554","Animalia","Arthropoda","Insecta","Lepidoptera","Pieridae","Colotis","Colotis regina"
"555","Animalia","Arthropoda","Insecta","Lepidoptera","Lycaenidae","Aloeides","Aloeides arida"
"556","Animalia","Arthropoda","Insecta","Lepidoptera","Erebidae","Rhynchina","Rhynchina antistropha"
"557","Animalia","Arthropoda","Insecta","Lepidoptera","Tortricidae","Cryptophlebia","Cryptophlebia peltastica"
"558","Animalia","Arthropoda","Insecta","Lepidoptera","Erebidae","Ophiusa","Ophiusa dianaris"
"559","Animalia","Arthropoda","Insecta","Lepidoptera","Uraniidae","Urapteroides","Urapteroides recurvata"
"560","Animalia","Arthropoda","Insecta","Lepidoptera","Crambidae","Obtusipalpis","Obtusipalpis pardalis"
"561","Animalia","Arthropoda","Insecta","Lepidoptera","Erebidae","Erebus","Erebus walkeri"
"562","Animalia","Arthropoda","Insecta","Lepidoptera","Erebidae","Hypena","Hypena commixtalis"
"563","Animalia","Arthropoda","Insecta","Lepidoptera","Erebidae","Cyligramma","Cyligramma fluctuosa"
"564","Animalia","Arthropoda","Insecta","Lepidoptera","Erebidae","Hondryches","Hondryches phalaeniformis"
"565","Animalia","Arthropoda","Insecta","Lepidoptera","Lycaenidae","Aloeides","Aloeides damarensis"
"566","Animalia","Arthropoda","Insecta","Lepidoptera","Thyrididae","Arniocera","Arniocera auriguttata"
"567","Animalia","Arthropoda","Insecta","Lepidoptera","Erebidae","Amata","Amata phaeobasis"
"568","Animalia","Arthropoda","Insecta","Lepidoptera","Hesperiidae","Tsitana","Tsitana dicksoni"
"569","Animalia","Arthropoda","Insecta","Lepidoptera","Nymphalidae","Pseudonympha","Pseudonympha trimenii"
"570","Animalia","Arthropoda","Insecta","Lepidoptera","Geometridae","Celidomphax","Celidomphax quadrimacula"
"571","Animalia","Arthropoda","Insecta","Lepidoptera","Notodontidae","Sarimarais","Sarimarais peringueyi"
"572","Animalia","Arthropoda","Insecta","Lepidoptera","Lycaenidae","Aloeides","Aloeides pallida"
"573","Animalia","Arthropoda","Insecta","Lepidoptera","Noctuidae","Vittaplusia","Vittaplusia vittata"
"574","Animalia","Arthropoda","Insecta","Lepidoptera","Saturniidae","Pseudobunaea","Pseudobunaea irius"
"575","Animalia","Arthropoda","Insecta","Lepidoptera","Geometridae","Chiasmia","Chiasmia turbulentata"
"576","Animalia","Arthropoda","Insecta","Lepidoptera","Adelidae","Ceromitia","Ceromitia punctulata"
"577","Animalia","Arthropoda","Insecta","Lepidoptera","Somabrachyidae","Psycharium","Psycharium pellucens"
"578","Animalia","Arthropoda","Insecta","Lepidoptera","Erebidae","Mocis","Mocis proverai"
"579","Animalia","Arthropoda","Insecta","Lepidoptera","Noctuidae","Eublemma","Eublemma caffrorum"
"580","Animalia","Arthropoda","Insecta","Lepidoptera","Geometridae","Argyrophora","Argyrophora arcualis"
"581","Animalia","Arthropoda","Insecta","Lepidoptera","Noctuidae","Cardepia","Cardepia definiens"
"582","Animalia","Arthropoda","Insecta","Lepidoptera","Erebidae","Sarmatia","Sarmatia interitalis"
"583","Animalia","Arthropoda","Insecta","Lepidoptera","Lycaenidae","Cupido","Cupido nubifer"
"584","Animalia","Arthropoda","Insecta","Lepidoptera","Crambidae","Terastia","Terastia margaritis"
"585","Animalia","Arthropoda","Insecta","Lepidoptera","Crambidae","Glyphodes","Glyphodes onychinalis"
"586","Animalia","Arthropoda","Insecta","Lepidoptera","Erebidae","Rhodogastria","Rhodogastria similis"
"587","Animalia","Arthropoda","Insecta","Lepidoptera","Yponomeutidae","Coptoproctis","Coptoproctis languida"
"588","Animalia","Arthropoda","Insecta","Lepidoptera","Crambidae","Loxostege","Loxostege frustalis"
"589","Animalia","Arthropoda","Insecta","Lepidoptera","Saturniidae","Aurivillius","Aurivillius fusca"
"590","Animalia","Arthropoda","Insecta","Lepidoptera","Nolidae","Bryophilopsis","Bryophilopsis lunifera"
"591","Animalia","Arthropoda","Insecta","Lepidoptera","Geometridae","Prosomphax","Prosomphax callista"
"592","Animalia","Arthropoda","Insecta","Lepidoptera","Erebidae","Dasychira","Dasychira extorta"
"593","Animalia","Arthropoda","Insecta","Lepidoptera","Erebidae","Euproctis","Euproctis bicolor"
"594","Animalia","Arthropoda","Insecta","Lepidoptera","Limacodidae","Halseyia","Halseyia rectifascia"
"595","Animalia","Arthropoda","Insecta","Lepidoptera","Geometridae","Euexia","Euexia percnopus"
"596","Animalia","Arthropoda","Insecta","Lepidoptera","Lasiocampidae","Grammodora","Grammodora nigrolineata"
"597","Animalia","Arthropoda","Insecta","Lepidoptera","Erebidae","Dysgonia","Dysgonia angularis"
"598","Animalia","Arthropoda","Insecta","Lepidoptera","Crambidae","Syngamia","Syngamia latimarginalis"
"599","Animalia","Arthropoda","Insecta","Lepidoptera","Erebidae","Zobida","Zobida similipuncta"
"600","Animalia","Arthropoda","Insecta","Lepidoptera","Noctuidae","Autoba","Autoba admota"
"601","Animalia","Arthropoda","Insecta","Lepidoptera","Erebidae","Ulotrichopus","Ulotrichopus catocala"
"602","Animalia","Arthropoda","Insecta","Lepidoptera","Erebidae","Plecoptera","Plecoptera laniata"
"603","Animalia","Arthropoda","Insecta","Lepidoptera","Erebidae","Achaea","Achaea lienardi"
"604","Animalia","Arthropoda","Insecta","Lepidoptera","Erebidae","Ceryx","Ceryx fulvescens"
"605","Animalia","Arthropoda","Insecta","Lepidoptera","Geometridae","Plegapteryx","Plegapteryx anomalus"
"606","Animalia","Arthropoda","Insecta","Lepidoptera","Geometridae","Heterorachis","Heterorachis devocata"
"607","Animalia","Arthropoda","Insecta","Lepidoptera","Erebidae","Euproctis","Euproctis hardenbergia"
"608","Animalia","Arthropoda","Insecta","Lepidoptera","Geometridae","Loxopora",""
"609","Animalia","Arthropoda","Insecta","Lepidoptera","Eupterotidae","Phyllalia","Phyllalia thunbergii"
"610","Animalia","Arthropoda","Insecta","Lepidoptera","Erebidae","Euproctis","Euproctis punctifera"
"611","Animalia","Arthropoda","Insecta","Lepidoptera","Erebidae","Amata","Amata polidamon"
"612","Animalia","Arthropoda","Insecta","Lepidoptera","Lasiocampidae","Soligena","Soligena juna"
"613","Animalia","Arthropoda","Insecta","Lepidoptera","Erebidae","Euchromia","Euchromia amoena"
"614","Animalia","Arthropoda","Insecta","Lepidoptera","Tortricidae","Epichoristodes","Epichoristodes dorsiplagana"
"615","Animalia","Arthropoda","Insecta","Lepidoptera","Noctuidae","Euplexia","Euplexia catephiodes"
"616","Animalia","Arthropoda","Insecta","Lepidoptera","Erebidae","Teracotona","Teracotona rhodophaea"
"617","Animalia","Arthropoda","Insecta","Lepidoptera","Geometridae","Isoplenia","Isoplenia trisinuata"
"618","Animalia","Arthropoda","Insecta","Lepidoptera","Crambidae","Nomophila","Nomophila noctuella"
"619","Animalia","Arthropoda","Insecta","Lepidoptera","Erebidae","Dysgonia","Dysgonia torrida"
"620","Animalia","Arthropoda","Insecta","Lepidoptera","Erebidae","Anomis","Anomis leona"
"621","Animalia","Arthropoda","Insecta","Lepidoptera","Geometridae","Cleora","Cleora flavivenata"
"622","Animalia","Arthropoda","Insecta","Lepidoptera","Geometridae","Eucrostes","Eucrostes rufociliaria"
"623","Animalia","Arthropoda","Insecta","Lepidoptera","Nymphalidae","Acraea","Telchinia burni"
"624","Animalia","Arthropoda","Insecta","Lepidoptera","Lasiocampidae","Anadiasa","Anadiasa affinis"
"625","Animalia","Arthropoda","Insecta","Lepidoptera","Crambidae","Leucinodes","Leucinodes laisalis"
"626","Animalia","Arthropoda","Insecta","Lepidoptera","Euteliidae","Eutelia",""
"627","Animalia","Arthropoda","Insecta","Lepidoptera","Erebidae","Catephia","Catephia discophora"
"628","Animalia","Arthropoda","Insecta","Lepidoptera","Geometridae","Scopula","Scopula inscriptata"
"629","Animalia","Arthropoda","Insecta","Lepidoptera","Lycaenidae","Thestor","Thestor murrayi"
"630","Animalia","Arthropoda","Insecta","Lepidoptera","Geometridae","Palaeaspilates","Palaeaspilates inoffensa"
"631","Animalia","Arthropoda","Insecta","Lepidoptera","Erebidae","Paralacydes","Paralacydes arborifera"
"632","Animalia","Arthropoda","Insecta","Lepidoptera","Lasiocampidae","Trichopisthia","Trichopisthia monteiroi"
"633","Animalia","Arthropoda","Insecta","Lepidoptera","Geometridae","Axiodes","Axiodes interscripta"
"634","Animalia","Arthropoda","Insecta","Lepidoptera","Adelidae","Ceromitia","Ceromitia trigoniferella"
"635","Animalia","Arthropoda","Insecta","Lepidoptera","Geometridae","Xylopteryx","Xylopteryx arcuata"
"636","Animalia","Arthropoda","Insecta","Lepidoptera","Crambidae","Parapoynx","Parapoynx fluctuosalis"
"637","Animalia","Arthropoda","Insecta","Lepidoptera","Erebidae","Automolis","Automolis jansei"
"638","Animalia","Arthropoda","Insecta","Lepidoptera","Erebidae","Egnasia","Egnasia vicaria"
"639","Animalia","Arthropoda","Insecta","Lepidoptera","Crambidae","Nausinoe","Nausinoe quadrinalis"
"640","Animalia","Arthropoda","Insecta","Lepidoptera","Crambidae","Bocchoris","Bocchoris inspersalis"
"641","Animalia","Arthropoda","Insecta","Lepidoptera","Geometridae","Acrasia","Acrasia punctillata"
"642","Animalia","Arthropoda","Insecta","Lepidoptera","Sphingidae","Temnora","Temnora pylades"
"643","Animalia","Arthropoda","Insecta","Lepidoptera","Erebidae","Cyana","Cyana marshalli"
"644","Animalia","Arthropoda","Insecta","Lepidoptera","Sphingidae","Hoplistopus","Hoplistopus penricei"
"645","Animalia","Arthropoda","Insecta","Lepidoptera","Noctuidae","Chasmina","Chasmina tibialis"
"646","Animalia","Arthropoda","Insecta","Lepidoptera","Geometridae","",""
"647","Animalia","Arthropoda","Insecta","Lepidoptera","Erebidae","Agamana","Agamana pentagonalis"
"648","Animalia","Arthropoda","Insecta","Lepidoptera","Geometridae","Colocleora","Colocleora proximaria"
"649","Animalia","Arthropoda","Insecta","Lepidoptera","Geometridae","Allochrostes","Allochrostes impunctata"
"650","Animalia","Arthropoda","Insecta","Lepidoptera","Geometridae","Mixocera","Mixocera albistrigata"
"651","Animalia","Arthropoda","Insecta","Lepidoptera","Geometridae","Allochrostes","Allochrostes biornata"
"652","Animalia","Arthropoda","Insecta","Lepidoptera","Erebidae","Asota","Asota speciosa"
"653","Animalia","Arthropoda","Insecta","Lepidoptera","Erebidae","Cometaster","Cometaster pyrula"
"654","Animalia","Arthropoda","Insecta","Lepidoptera","Geometridae","Haplolabida","Haplolabida inaequata"
"655","Animalia","Arthropoda","Insecta","Lepidoptera","Uraniidae","Acropteris","Acropteris illiturata"
"656","Animalia","Arthropoda","Insecta","Lepidoptera","Crambidae","Glyphodes","Glyphodes stolalis"
"657","Animalia","Arthropoda","Insecta","Lepidoptera","Erebidae","Tachosa",""
"658","Animalia","Arthropoda","Insecta","Lepidoptera","Erebidae","Tumicla","Tumicla sagenaria"
"659","Animalia","Arthropoda","Insecta","Lepidoptera","Geometridae","Microloxia","Microloxia ruficornis"
"660","Animalia","Arthropoda","Insecta","Lepidoptera","Crambidae","Polythlipta","Polythlipta annulifera"
"661","Animalia","Arthropoda","Insecta","Lepidoptera","Sphingidae","Afroclanis","Afroclanis calcareus"
"662","Animalia","Arthropoda","Insecta","Lepidoptera","Erebidae","Anomis","Anomis luperca"
"663","Animalia","Arthropoda","Insecta","Lepidoptera","Saturniidae","Pseudobunaea","Pseudobunaea tyrrhena"
"664","Animalia","Arthropoda","Insecta","Lepidoptera","Noctuidae","Araea","Araea indecora"
"665","Animalia","Arthropoda","Insecta","Lepidoptera","Pyralidae","Dattinia","Dattinia bolinalis"
"666","Animalia","Arthropoda","Insecta","Lepidoptera","Nymphalidae","Chloropoea","Chloropoea lucretia"
"667","Animalia","Arthropoda","Insecta","Lepidoptera","Geometridae","Derrioides","Derrioides cnephaeogramma"
"668","Animalia","Arthropoda","Insecta","Lepidoptera","Noctuidae","Hypercodia","Hypercodia wheeleri"
"669","Animalia","Arthropoda","Insecta","Lepidoptera","Erebidae","Lacipa","Lacipa picta"
"670","Animalia","Arthropoda","Insecta","Lepidoptera","Crambidae","Duponchelia","Duponchelia fovealis"
"671","Animalia","Arthropoda","Insecta","Lepidoptera","Lycaenidae","Euchrysops","Euchrysops barkeri"
"672","Animalia","Arthropoda","Insecta","Lepidoptera","Saturniidae","Nudaurelia","Nudaurelia wahlbergi"
"673","Animalia","Arthropoda","Insecta","Lepidoptera","Nymphalidae","Salamis",""
"674","Animalia","Arthropoda","Insecta","Lepidoptera","Hesperiidae","",""
"675","Animalia","Arthropoda","Insecta","Lepidoptera","Erebidae","Mocis","Mocis mayeri"
"676","Animalia","Arthropoda","Insecta","Lepidoptera","Sphingidae","Nephele","Nephele vau"
"677","Animalia","Arthropoda","Insecta","Lepidoptera","Geometridae","Chloroclystis","Chloroclystis gymnoscelides"
"678","Animalia","Arthropoda","Insecta","Lepidoptera","Erebidae","Meliaba","Meliaba pelopsalis"
"679","Animalia","Arthropoda","Insecta","Lepidoptera","Erebidae","Eutomis","Eutomis minceus"
"680","Animalia","Arthropoda","Insecta","Lepidoptera","Noctuidae","Protarache","Protarache melaphora"
"681","Animalia","Arthropoda","Insecta","Lepidoptera","Geometridae","Drepanogynis","Drepanogynis determinata"
"682","Animalia","Arthropoda","Insecta","Lepidoptera","Hesperiidae","Platylesches","Platylesches ayresii"
"683","Animalia","Arthropoda","Insecta","Lepidoptera","Erebidae","Dasychira","Dasychira octophora"
"684","Animalia","Arthropoda","Insecta","Lepidoptera","Erebidae","Palasea","Palasea albimacula"
"685","Animalia","Arthropoda","Insecta","Lepidoptera","Geometridae","Acrasia","Acrasia crinita"
"686","Animalia","Arthropoda","Insecta","Lepidoptera","Erebidae","Ceryx","Ceryx longipes"
"687","Animalia","Arthropoda","Insecta","Lepidoptera","Nymphalidae","Paralethe","Paralethe dendrophilus"
"688","Animalia","Arthropoda","Insecta","Lepidoptera","Sphingidae","Batocnema","Batocnema africanus"
"689","Animalia","Arthropoda","Insecta","Lepidoptera","Erebidae","Amata","Asinusca atricornis"
"690","Animalia","Arthropoda","Insecta","Lepidoptera","Erebidae","Teracotona","Teracotona submacula"
"691","Animalia","Arthropoda","Insecta","Lepidoptera","Geometridae","Zamarada","Zamarada adiposata"
"692","Animalia","Arthropoda","Insecta","Lepidoptera","Erebidae","Nyctemera",""
"693","Animalia","Arthropoda","Insecta","Lepidoptera","Noctuidae","Tegiapa","Tegiapa larentiodes"
"694","Animalia","Arthropoda","Insecta","Lepidoptera","Sphingidae","Basiothia","Basiothia medea"
"695","Animalia","Arthropoda","Insecta","Lepidoptera","Geometridae","Eulycia","Eulycia accentuata"
"696","Animalia","Arthropoda","Insecta","Lepidoptera","Saturniidae","Holocerina","Holocerina smilax"
"697","Animalia","Arthropoda","Insecta","Lepidoptera","Lycaenidae","Harpendyreus","Harpendyreus noquasa"
"698","Animalia","Arthropoda","Insecta","Lepidoptera","Crambidae","Heliothela","Heliothela ophideresana"
"699","Animalia","Arthropoda","Insecta","Lepidoptera","Erebidae","Amerila","Amerila affinis"
"700","Animalia","Arthropoda","Insecta","Lepidoptera","Erebidae","Phragmatobia","Phragmatobia parvula"
"701","Animalia","Arthropoda","Insecta","Lepidoptera","Nymphalidae","Cymothoe","Cymothoe alcimeda"
"702","Animalia","Arthropoda","Insecta","Lepidoptera","Erebidae","Euproctis","Euproctis aethiopica"
"703","Animalia","Arthropoda","Insecta","Lepidoptera","Limacodidae","Brachiopsis","Brachiopsis vicina"
"704","Animalia","Arthropoda","Insecta","Lepidoptera","Erebidae","Siccia","Siccia caffra"
"705","Animalia","Arthropoda","Insecta","Lepidoptera","Crambidae","Prionapteryx","Prionapteryx splendida"
"706","Animalia","Arthropoda","Insecta","Lepidoptera","Erebidae","Euproctis","Euproctis terminalis"
"707","Animalia","Arthropoda","Insecta","Lepidoptera","Pyralidae","Mittonia","Mittonia hampsoni"
"708","Animalia","Arthropoda","Insecta","Lepidoptera","Thyrididae","Arniocera","Arniocera erythropyga"
"709","Animalia","Arthropoda","Insecta","Lepidoptera","Nymphalidae","Acraea","Bematistes aganice"
"710","Animalia","Arthropoda","Insecta","Lepidoptera","Sphingidae","Nephele","Nephele comma"
"711","Animalia","Arthropoda","Insecta","Lepidoptera","Hesperiidae","Tsitana","Tsitana tsita"
"712","Animalia","Arthropoda","Insecta","Lepidoptera","Saturniidae","Epiphora","Epiphora mythimnia"
"713","Animalia","Arthropoda","Insecta","Lepidoptera","Geometridae","Somatina","Somatina ctenophora"
"714","Animalia","Arthropoda","Insecta","Lepidoptera","Geometridae","Problepsis","Problepsis aegretta"
"715","Animalia","Arthropoda","Insecta","Lepidoptera","Saturniidae","Urota","Urota sinope"
"716","Animalia","Arthropoda","Insecta","Lepidoptera","Geometridae","Dichroma","Dichroma equestralis"
"717","Animalia","Arthropoda","Insecta","Lepidoptera","Hesperiidae","Ernsta","Ernsta delagoae"
"718","Animalia","Arthropoda","Insecta","Lepidoptera","Pyralidae","Oryctocera","Oryctocera laminalis"
"719","Animalia","Arthropoda","Insecta","Lepidoptera","Crambidae","Pagyda","Pagyda salvalis"
"720","Animalia","Arthropoda","Insecta","Lepidoptera","Eupterotidae","Lichenopteryx","Lichenopteryx despecta"
"721","Animalia","Arthropoda","Insecta","Lepidoptera","Erebidae","Nyctemera","Nyctemera apicalis"
"722","Animalia","Arthropoda","Insecta","Lepidoptera","Crambidae","Diasemiopsis","Diasemiopsis ramburialis"
"723","Animalia","Arthropoda","Insecta","Lepidoptera","Lasiocampidae","Eucraera","Eucraera salammbo"
"724","Animalia","Arthropoda","Insecta","Lepidoptera","Erebidae","Amerila","Amerila lupia"
"725","Animalia","Arthropoda","Insecta","Lepidoptera","Sphingidae","Nephele","Nephele funebris"
"726","Animalia","Arthropoda","Insecta","Lepidoptera","Erebidae","Lacera","Lacera alope"
"727","Animalia","Arthropoda","Insecta","Lepidoptera","Saturniidae","Gonimbrasia","Gonimbrasia belina"
"728","Animalia","Arthropoda","Insecta","Lepidoptera","Geometridae","Axiodes","Axiodes figurata"
"729","Animalia","Arthropoda","Insecta","Lepidoptera","Lycaenidae","Spindasis","Spindasis natalensis"
"730","Animalia","Arthropoda","Insecta","Lepidoptera","Crambidae","Autocharis","Autocharis rubricostalis"
"731","Animalia","Arthropoda","Insecta","Lepidoptera","Saturniidae","Lobobunaea","Lobobunaea saturnus"
"732","Animalia","Arthropoda","Insecta","Lepidoptera","Nolidae","Earias","Earias biplaga"
"733","Animalia","Arthropoda","Insecta","Lepidoptera","Lycaenidae","Lepidochrysops","Lepidochrysops patricia"
"734","Animalia","Arthropoda","Insecta","Lepidoptera","Hesperiidae","Celaenorrhinus","Celaenorrhinus mokeezi"
"735","Animalia","Arthropoda","Insecta","Lepidoptera","Nymphalidae","Stygionympha","Stygionympha vigilans"
"736","Animalia","Arthropoda","Insecta","Lepidoptera","Sphingidae","Nephele","Nephele accentifera"
"737","Animalia","Arthropoda","Insecta","Lepidoptera","Saturniidae","Melanocera","Melanocera menippe"
"738","Animalia","Arthropoda","Insecta","Lepidoptera","Lycaenidae","Argyraspodes","Argyraspodes argyraspis"
"739","Animalia","Arthropoda","Insecta","Lepidoptera","Eupterotidae","Hemijana",""
"740","Animalia","Arthropoda","Insecta","Lepidoptera","Erebidae","Euchromia","Euchromia folletii"
"741","Animalia","Arthropoda","Insecta","Lepidoptera","Notodontidae","Hampsonita","Hampsonita esmeralda"
"742","Animalia","Arthropoda","Insecta","Lepidoptera","Crambidae","Autocharis","Autocharis margaritalis"
"743","Animalia","Arthropoda","Insecta","Lepidoptera","Limacodidae","Omocenoides","Omocenoides isophanes"
"744","Animalia","Arthropoda","Insecta","Lepidoptera","Erebidae","Eudocima","Eudocima materna"
"745","Animalia","Arthropoda","Insecta","Lepidoptera","Sesiidae","Alonina","Alonina pyrocraspis"
"746","Animalia","Arthropoda","Insecta","Lepidoptera","Hepialidae","Eudalaca","Eudalaca vindex"
"747","Animalia","Arthropoda","Insecta","Lepidoptera","Noctuidae","Ctenoplusia","Ctenoplusia phocea"
"748","Animalia","Arthropoda","Insecta","Lepidoptera","Crambidae","Stenia","Stenia paediusalis"
"749","Animalia","Arthropoda","Insecta","Lepidoptera","Geometridae","Hebdomophruda","Hebdomophruda nigroviridis"
"750","Animalia","Arthropoda","Insecta","Lepidoptera","Erebidae","Amata","Amata simplex"
"751","Animalia","Arthropoda","Insecta","Lepidoptera","Erebidae","Parachalciope","Parachalciope mahura"
"752","Animalia","Arthropoda","Insecta","Lepidoptera","Erebidae","Amata","Amata khoisana"
"753","Animalia","Arthropoda","Insecta","Lepidoptera","Geometridae","Drepanogynis","Drepanogynis calotaenia"
"754","Animalia","Arthropoda","Insecta","Lepidoptera","Nymphalidae","Torynesis","Torynesis mintha"
"755","Animalia","Arthropoda","Insecta","Lepidoptera","Sphingidae","Temnora","Temnora fumosa"
"756","Animalia","Arthropoda","Insecta","Lepidoptera","Noctuidae","Amyna","Amyna natalica"
"757","Animalia","Arthropoda","Insecta","Lepidoptera","Pieridae","Colias","Colias electo"
"758","Animalia","Arthropoda","Insecta","Lepidoptera","Hesperiidae","Tsitana","Tsitana tulbagha"
"759","Animalia","Arthropoda","Insecta","Lepidoptera","Lycaenidae","Thestor","Thestor montanus"
"760","Animalia","Arthropoda","Insecta","Lepidoptera","Nymphalidae","Tarsocera","Tarsocera dicksoni"
"761","Animalia","Arthropoda","Insecta","Lepidoptera","Erebidae","Brevipecten","Brevipecten cornuta"
"762","Animalia","Arthropoda","Insecta","Lepidoptera","Nymphalidae","Rubraea",""
"763","Animalia","Arthropoda","Insecta","Lepidoptera","Limacodidae","Chrysopoloma","Chrysopoloma restricta"
"764","Animalia","Arthropoda","Insecta","Lepidoptera","Lycaenidae","Euchrysops","Euchrysops dolorosa"
"765","Animalia","Arthropoda","Insecta","Lepidoptera","Lycaenidae","Leptomyrina","Leptomyrina gorgias"
"766","Animalia","Arthropoda","Insecta","Lepidoptera","Erebidae","Chalciope","Chalciope delta"
"767","Animalia","Arthropoda","Insecta","Lepidoptera","Notodontidae","Anaphe","Anaphe reticulata"
"768","Animalia","Arthropoda","Insecta","Lepidoptera","Noctuidae","Metachrostis","Metachrostis ochrographa"
"769","Animalia","Arthropoda","Insecta","Lepidoptera","Noctuidae","Brithysana","Brithysana speyeri"
"770","Animalia","Arthropoda","Insecta","Lepidoptera","Geometridae","Durbana","Durbana setinata"
"771","Animalia","Arthropoda","Insecta","Lepidoptera","Nymphalidae","Stygionympha","Stygionympha vansoni"
"772","Animalia","Arthropoda","Insecta","Lepidoptera","Nymphalidae","Tarsocera",""
"773","Animalia","Arthropoda","Insecta","Lepidoptera","Nymphalidae","Asterope","Asterope boisduvali"
"774","Animalia","Arthropoda","Insecta","Lepidoptera","Erebidae","Pseudocragia","Pseudocragia quadrinotata"
"775","Animalia","Arthropoda","Insecta","Lepidoptera","Geometridae","Aletis","Aletis concolor"
"776","Animalia","Arthropoda","Insecta","Lepidoptera","Uraniidae","Epiplema","Epiplema anomala"
"777","Animalia","Arthropoda","Insecta","Lepidoptera","Limacodidae","Parasa","Parasa vivida"
"778","Animalia","Arthropoda","Insecta","Lepidoptera","Nymphalidae","Cassionympha","Cassionympha camdeboo"
"779","Animalia","Arthropoda","Insecta","Lepidoptera","Nymphalidae","Charaxes",""
"780","Animalia","Arthropoda","Insecta","Lepidoptera","Nymphalidae","Charaxes","Charaxes ethalion"
"781","Animalia","Arthropoda","Insecta","Lepidoptera","Geometridae","Scotopteryx","Scotopteryx deversa"
"782","Animalia","Arthropoda","Insecta","Lepidoptera","Crambidae","Maruca","Maruca vitrata"
"783","Animalia","Arthropoda","Insecta","Lepidoptera","Nymphalidae","Charaxes","Charaxes xiphares"
"784","Animalia","Arthropoda","Insecta","Lepidoptera","Hesperiidae","Spialia","Spialia diomus"
"785","Animalia","Arthropoda","Insecta","Lepidoptera","Lycaenidae","Cupido","Cupido cissus"
"786","Animalia","Arthropoda","Insecta","Lepidoptera","Hesperiidae","Eretis","Eretis djaelaelae"
"787","Animalia","Arthropoda","Insecta","Lepidoptera","Noctuidae","Ozarba","Ozarba bipartita"
"788","Animalia","Arthropoda","Insecta","Lepidoptera","Nymphalidae","Pseudonympha","Pseudonympha swanepoeli"
"789","Animalia","Arthropoda","Insecta","Lepidoptera","Hesperiidae","Kedestes","Kedestes lepenula"
"790","Animalia","Arthropoda","Insecta","Lepidoptera","Lycaenidae","Deudorix","Deudorix antalus"
"791","Animalia","Arthropoda","Insecta","Lepidoptera","Geometridae","Petovia","Petovia marginata"
"792","Animalia","Arthropoda","Insecta","Lepidoptera","Lycaenidae","Lepidochrysops","Lepidochrysops australis"
"793","Animalia","Arthropoda","Insecta","Lepidoptera","Hesperiidae","Borbo","Borbo lugens"
"794","Animalia","Arthropoda","Insecta","Lepidoptera","Thyrididae","Rhodoneura","Rhodoneura flavicilia"
"795","Animalia","Arthropoda","Insecta","Lepidoptera","Lycaenidae","Spindasis","Spindasis ella"
"796","Animalia","Arthropoda","Insecta","Lepidoptera","Nymphalidae","Serradinga","Serradinga bowkeri"
"797","Animalia","Arthropoda","Insecta","Lepidoptera","Lycaenidae","Euchrysops","Euchrysops subpallida"
"798","Animalia","Arthropoda","Insecta","Lepidoptera","Geometridae","Axiodes",""
"799","Animalia","Arthropoda","Insecta","Lepidoptera","Saturniidae","Heniocha","Heniocha dyops"
"800","Animalia","Arthropoda","Insecta","Lepidoptera","Noctuidae","Cryphia","Cryphia fulvifusa"
"801","Animalia","Arthropoda","Insecta","Lepidoptera","Geometridae","Derrioides","Derrioides villaria"
"802","Animalia","Arthropoda","Insecta","Lepidoptera","Erebidae","Euproctis","Euproctis sanguigutta"
"803","Animalia","Arthropoda","Insecta","Lepidoptera","Geometridae","Axiodes","Axiodes intricata"
"804","Animalia","Arthropoda","Insecta","Lepidoptera","Geometridae","Axiodes","Axiodes rufigrisea"
"805","Animalia","Arthropoda","Insecta","Lepidoptera","Erebidae","Serrodes","Serrodes campana"
"806","Animalia","Arthropoda","Insecta","Lepidoptera","Geometridae","Sicyodes","Sicyodes costipicta"
"807","Animalia","Arthropoda","Insecta","Lepidoptera","Geometridae","Sicyodes","Sicyodes ocellata"
"808","Animalia","Arthropoda","Insecta","Lepidoptera","Geometridae","Drepanogynis","Drepanogynis tripartita"
"809","Animalia","Arthropoda","Insecta","Lepidoptera","Geometridae","Sicyodes","Sicyodes olivescens"
"810","Animalia","Arthropoda","Insecta","Lepidoptera","Geometridae","Axiodes","Axiodes trachyacta"
"811","Animalia","Arthropoda","Insecta","Lepidoptera","Geometridae","Idaea","Idaea purpurascens"
"812","Animalia","Arthropoda","Insecta","Lepidoptera","Lycaenidae","Pentila","Pentila tropicalis"
"813","Animalia","Arthropoda","Insecta","Lepidoptera","Hesperiidae","Gomalia","Gomalia elma"
"814","Animalia","Arthropoda","Insecta","Lepidoptera","Lycaenidae","Durbaniopsis","Durbaniopsis saga"
"815","Animalia","Arthropoda","Insecta","Lepidoptera","Lycaenidae","Hemiolaus","Hemiolaus caeculus"
"816","Animalia","Arthropoda","Insecta","Lepidoptera","Sphingidae","Hippotion","Hippotion roseipennis"
"817","Animalia","Arthropoda","Insecta","Lepidoptera","Sphingidae","Theretra","Theretra monteironis"
"818","Animalia","Arthropoda","Insecta","Lepidoptera","Nymphalidae","Acraea","Acraea neobule"
"819","Animalia","Arthropoda","Insecta","Lepidoptera","Erebidae","Ophiusa","Ophiusa mejanesi"
"820","Animalia","Arthropoda","Insecta","Lepidoptera","Pyralidae","Hypotia","Hypotia dinteri"
"821","Animalia","Arthropoda","Insecta","Lepidoptera","Geometridae","Sicyodes",""
"822","Animalia","Arthropoda","Insecta","Lepidoptera","Crambidae","Metasia","Metasia eremialis"
"823","Animalia","Arthropoda","Insecta","Lepidoptera","Erebidae","Hypanua","Hypanua xylina"
"824","Animalia","Arthropoda","Insecta","Lepidoptera","Geometridae","Sicyodes","Sicyodes biviaria"
"825","Animalia","Arthropoda","Insecta","Lepidoptera","Noctuidae","Lithacodia","Lithacodia caffristis"
"826","Animalia","Arthropoda","Insecta","Lepidoptera","Crambidae","Pyrausta","Pyrausta procillusalis"
"827","Animalia","Arthropoda","Insecta","Lepidoptera","Noctuidae","Deltote","Deltote bryophilina"
"828","Animalia","Arthropoda","Insecta","Lepidoptera","Crambidae","Pseudocatharylla","Pseudocatharylla xymena"
"829","Animalia","Arthropoda","Insecta","Lepidoptera","Crambidae","Mimudea","Mimudea prolausalis"
"830","Animalia","Arthropoda","Insecta","Lepidoptera","Erebidae","Prionofrontia","Prionofrontia strigata"
"831","Animalia","Arthropoda","Insecta","Lepidoptera","Saturniidae","Heniocha","Heniocha bioculata"
"832","Animalia","Arthropoda","Insecta","Lepidoptera","Hesperiidae","Platylesches","Platylesches neba"
"833","Animalia","Arthropoda","Insecta","Lepidoptera","Nymphalidae","Amauris","Amauris echeria"
"834","Animalia","Arthropoda","Insecta","Lepidoptera","Erebidae","Pericyma","Pericyma mendax"
"835","Animalia","Arthropoda","Insecta","Lepidoptera","Noctuidae","Brephos","Brephos festiva"
"836","Animalia","Arthropoda","Insecta","Lepidoptera","Geometridae","Cleora","Cleora tulbaghata"
"837","Animalia","Arthropoda","Insecta","Lepidoptera","Noctuidae","Ozarba","Ozarba apicalis"
"838","Animalia","Arthropoda","Insecta","Lepidoptera","Erebidae","Gracilodes","Gracilodes caffra"
"839","Animalia","Arthropoda","Insecta","Lepidoptera","Sphingidae","Platysphinx","Platysphinx piabilis"
"840","Animalia","Arthropoda","Insecta","Lepidoptera","Noctuidae","Ozarba","Ozarba hemipolia"
"841","Animalia","Arthropoda","Insecta","Lepidoptera","Noctuidae","Pseudozarba","Pseudozarba bipartita"
"842","Animalia","Arthropoda","Insecta","Lepidoptera","Crambidae","Caffrocrambus","Caffrocrambus dichotomellus"
"843","Animalia","Arthropoda","Insecta","Lepidoptera","Hepialidae","Metahepialus","Metahepialus angustiptera"
"844","Animalia","Arthropoda","Insecta","Lepidoptera","Noctuidae","Heliothis","Heliothis scutuligera"
"845","Animalia","Arthropoda","Insecta","Lepidoptera","Hesperiidae","Parnara","Parnara naso"
"846","Animalia","Arthropoda","Insecta","Lepidoptera","Lycaenidae","Hypolycaena","Hypolycaena buxtoni"
"847","Animalia","Arthropoda","Insecta","Lepidoptera","Noctuidae","Eulocastra","Eulocastra hypotaenia"
"848","Animalia","Arthropoda","Insecta","Lepidoptera","Noctuidae","Ozarba","Ozarba plagifera"
"849","Animalia","Arthropoda","Insecta","Lepidoptera","Notodontidae","Antheua","Antheua simplex"
"850","Animalia","Arthropoda","Insecta","Lepidoptera","Lasiocampidae","Haplopacha","Haplopacha cinerea"
"851","Animalia","Arthropoda","Insecta","Lepidoptera","Metarbelidae","Salagena","Salagena narses"
"852","Animalia","Arthropoda","Insecta","Lepidoptera","Erebidae","Hydrillodes","Hydrillodes uliginosalis"
"853","Animalia","Arthropoda","Insecta","Lepidoptera","Pyralidae","Hypargyria","Hypargyria metalliferella"
"854","Animalia","Arthropoda","Insecta","Lepidoptera","Geometridae","Axiodes","Axiodes agrypna"
"855","Animalia","Arthropoda","Insecta","Lepidoptera","Limacodidae","Neomocena","Neomocena convergens"
"856","Animalia","Arthropoda","Insecta","Lepidoptera","Hesperiidae","Zophopetes","Zophopetes dysmephila"
"857","Animalia","Arthropoda","Insecta","Lepidoptera","Geometridae","Lomographa","Lomographa aridata"
"858","Animalia","Arthropoda","Insecta","Lepidoptera","Noctuidae","Maliattha","Maliattha bethunebakeri"
"859","Animalia","Arthropoda","Insecta","Lepidoptera","Crambidae","Tegostoma","Tegostoma bipartalis"
"860","Animalia","Arthropoda","Insecta","Lepidoptera","Geometridae","Ozola","Ozola pulverulenta"
"861","Animalia","Arthropoda","Insecta","Lepidoptera","Lycaenidae","Lachnocnema","Lachnocnema durbani"
"862","Animalia","Arthropoda","Insecta","Lepidoptera","Geometridae","Victoria","Victoria triplaga"
"863","Animalia","Arthropoda","Insecta","Lepidoptera","Lycaenidae","Eicochrysops","Eicochrysops hippocrates"
"864","Animalia","Arthropoda","Insecta","Lepidoptera","Nolidae","Earias","Earias cupreoviridis"
"865","Animalia","Arthropoda","Insecta","Lepidoptera","Lasiocampidae","Anadiasa","Anadiasa punctifascia"
"866","Animalia","Arthropoda","Insecta","Lepidoptera","Noctuidae","Eustrotia","Eustrotia schencki"
"867","Animalia","Arthropoda","Insecta","Lepidoptera","Noctuidae","Eustrotia","Eustrotia decissima"
"868","Animalia","Arthropoda","Insecta","Lepidoptera","Euteliidae","Eutelia","Eutelia adulatrix"
"869","Animalia","Arthropoda","Insecta","Lepidoptera","Crambidae","Achyra","Achyra coelatalis"
"870","Animalia","Arthropoda","Insecta","Lepidoptera","Crambidae","Culladia","Culladia serranella"
"871","Animalia","Arthropoda","Insecta","Lepidoptera","Nymphalidae","Eurytela","Eurytela dryope"
"872","Animalia","Arthropoda","Insecta","Lepidoptera","Noctuidae","Acontia","Acontia zelleri"
"873","Animalia","Arthropoda","Insecta","Lepidoptera","Noctuidae","Acontia","Acontia umbrigera"
"874","Animalia","Arthropoda","Insecta","Lepidoptera","Lasiocampidae","Leipoxais","Leipoxais peraffinis"
"875","Animalia","Arthropoda","Insecta","Lepidoptera","Erebidae","Disticta","Disticta atava"
"876","Animalia","Arthropoda","Insecta","Lepidoptera","Erebidae","Egybolis","Egybolis vaillantina"
"877","Animalia","Arthropoda","Insecta","Lepidoptera","Noctuidae","Caradrina","Caradrina atriluna"
"878","Animalia","Arthropoda","Insecta","Lepidoptera","Noctuidae","Euterpiodes","Euterpiodes pienaari"
"879","Animalia","Arthropoda","Insecta","Lepidoptera","Noctuidae","Adisura","Adisura aerugo"
"880","Animalia","Arthropoda","Insecta","Lepidoptera","Lasiocampidae","Pachypasa","Pachypasa truncata"
"881","Animalia","Arthropoda","Insecta","Lepidoptera","Metarbelidae","Metarbela","Metarbela naumanni"
"882","Animalia","Arthropoda","Insecta","Lepidoptera","Erebidae","Apisa","Apisa canescens"
"883","Animalia","Arthropoda","Insecta","Lepidoptera","Erebidae","Arsina","Arsina vausema"
"884","Animalia","Arthropoda","Insecta","Lepidoptera","Noctuidae","Honeyania","Honeyania ragusana"
"885","Animalia","Arthropoda","Insecta","Lepidoptera","Sphingidae","Rufoclanis","Rufoclanis numosae"
"886","Animalia","Arthropoda","Insecta","Lepidoptera","Geometridae","Comostolopsis","Comostolopsis germana"
"887","Animalia","Arthropoda","Insecta","Lepidoptera","Lycaenidae","Leptomyrina","Leptomyrina hirundo"
"888","Animalia","Arthropoda","Insecta","Lepidoptera","Lycaenidae","Axiocerses","Axiocerses harpax"
"889","Animalia","Arthropoda","Insecta","Lepidoptera","Geometridae","Pseudomaenas","Pseudomaenas krooni"
"890","Animalia","Arthropoda","Insecta","Lepidoptera","Noctuidae","Ozarba","Ozarba accincta"
"891","Animalia","Arthropoda","Insecta","Lepidoptera","Geometridae","Cyclophora","Cyclophora unocula"
"892","Animalia","Arthropoda","Insecta","Lepidoptera","Eupterotidae","Jana","Jana tantalus"
"893","Animalia","Arthropoda","Insecta","Lepidoptera","Geometridae","Eois","Eois grataria"
"894","Animalia","Arthropoda","Insecta","Lepidoptera","Noctuidae","Ozarba","Ozarba hemiochra"
"895","Animalia","Arthropoda","Insecta","Lepidoptera","Erebidae","Attatha","Attatha superba"
"896","Animalia","Arthropoda","Insecta","Lepidoptera","Erebidae","Ophiusa","Ophiusa selenaris"
"897","Animalia","Arthropoda","Insecta","Lepidoptera","Notodontidae","Antheua","Rigema ornata"
"898","Animalia","Arthropoda","Insecta","Lepidoptera","Lycaenidae","Stugeta","Stugeta bowkeri"
"899","Animalia","Arthropoda","Insecta","Lepidoptera","Geometridae","Pseudomaenas","Pseudomaenas honiballi"
"900","Animalia","Arthropoda","Insecta","Lepidoptera","Lycaenidae","Cacyreus","Cacyreus dicksoni"
"901","Animalia","Arthropoda","Insecta","Lepidoptera","Noctuidae","Acontia","Acontia santalucia"
"902","Animalia","Arthropoda","Insecta","Lepidoptera","Pyralidae","Triphassa","Triphassa stalachtis"
"903","Animalia","Arthropoda","Insecta","Lepidoptera","Noctuidae","Ozarba","Ozarba consanguis"
"904","Animalia","Arthropoda","Insecta","Lepidoptera","Nolidae","Nolidia","Nolidia unipuncta"
"905","Animalia","Arthropoda","Insecta","Lepidoptera","Noctuidae","Ozarba","Ozarba madanda"
"906","Animalia","Arthropoda","Insecta","Lepidoptera","Geometridae","Eupithecia","Eupithecia laticallis"
"907","Animalia","Arthropoda","Insecta","Lepidoptera","Erebidae","Tytroca","Tytroca leucoptera"
"908","Animalia","Arthropoda","Insecta","Lepidoptera","Noctuidae","Ectochela","Ectochela nigrilineata"
"909","Animalia","Arthropoda","Insecta","Lepidoptera","Erebidae","Exophyla","Exophyla multistriata"
"910","Animalia","Arthropoda","Insecta","Lepidoptera","Noctuidae","Heraclia","Heraclia superba"
"911","Animalia","Arthropoda","Insecta","Lepidoptera","Noctuidae","Procrateria","Procrateria basifascia"
"912","Animalia","Arthropoda","Insecta","Lepidoptera","Erebidae","Cropera","Cropera testacea"
"913","Animalia","Arthropoda","Insecta","Lepidoptera","Noctuidae","Haemaphlebia","Haemaphlebia phaeomicta"
"914","Animalia","Arthropoda","Insecta","Lepidoptera","Erebidae","Polydesma","Polydesma umbricola"
"915","Animalia","Arthropoda","Insecta","Lepidoptera","Noctuidae","Mythimna","Mythimna languida"
"916","Animalia","Arthropoda","Insecta","Lepidoptera","Geometridae","Idaea","Idaea sublimbaria"
"917","Animalia","Arthropoda","Insecta","Lepidoptera","Geometridae","Zamarada","Zamarada plana"
"918","Animalia","Arthropoda","Insecta","Lepidoptera","Hesperiidae","Agyllia",""
"919","Animalia","Arthropoda","Insecta","Lepidoptera","Erebidae","Galtara","Galtara nepheloptera"
"920","Animalia","Arthropoda","Insecta","Lepidoptera","Geometridae","Heterostegane","Heterostegane rectistriga"
"921","Animalia","Arthropoda","Insecta","Lepidoptera","Geometridae","Xylopteryx","Xylopteryx prasinaria"
"922","Animalia","Arthropoda","Insecta","Lepidoptera","Euteliidae","Lophoptera","Lophoptera litigiosa"
"923","Animalia","Arthropoda","Insecta","Lepidoptera","Erebidae","Digama","Digama strabonis"
"924","Animalia","Arthropoda","Insecta","Lepidoptera","Pieridae","Belenois","Belenois thysa"
"925","Animalia","Arthropoda","Insecta","Lepidoptera","Erebidae","Lacipa","Lacipa gracilis"
"926","Animalia","Arthropoda","Insecta","Lepidoptera","Noctuidae","Acontiola","Acontiola varia"
"927","Animalia","Arthropoda","Insecta","Lepidoptera","Notodontidae","Rhenea","Rhenea michii"
"928","Animalia","Arthropoda","Insecta","Lepidoptera","Nymphalidae","Stygionympha","Stygionympha irrorata"
"929","Animalia","Arthropoda","Insecta","Lepidoptera","Lycaenidae","Zizina","Zizina antanossa"
"930","Animalia","Arthropoda","Insecta","Lepidoptera","Geometridae","Chiasmia","Chiasmia multistrigata"
"931","Animalia","Arthropoda","Insecta","Lepidoptera","Noctuidae","Eublemma","Eublemma postrufa"
"932","Animalia","Arthropoda","Insecta","Lepidoptera","Lycaenidae","Lepidochrysops","Lepidochrysops variabilis"
"933","Animalia","Arthropoda","Insecta","Lepidoptera","Nolidae","Westermannia","Westermannia convergens"
"934","Animalia","Arthropoda","Insecta","Lepidoptera","Limacodidae","Halseyia","Halseyia bisecta"
"935","Animalia","Arthropoda","Insecta","Lepidoptera","Erebidae","Ericeia","Ericeia inangulata"
"936","Animalia","Arthropoda","Insecta","Lepidoptera","Sphingidae","Oligographa","Oligographa juniperi"
"937","Animalia","Arthropoda","Insecta","Lepidoptera","Geometridae","Omizodes","Omizodes rubrifasciata"
"938","Animalia","Arthropoda","Insecta","Lepidoptera","Erebidae","Phytometra","Phytometra fragilis"
"939","Animalia","Arthropoda","Insecta","Lepidoptera","Limacodidae","Chrysopoloma","Chrysopoloma isabellina"
"940","Animalia","Arthropoda","Insecta","Lepidoptera","Erebidae","Digama","Sommeria culta"
"941","Animalia","Arthropoda","Insecta","Lepidoptera","Erebidae","Phytometra","Phytometra subflavalis"
"942","Animalia","Arthropoda","Insecta","Lepidoptera","Erebidae","Mocis","Mocis conveniens"
"943","Animalia","Arthropoda","Insecta","Lepidoptera","Crambidae","Ghesquierellana","Ghesquierellana hirtusalis"
"944","Animalia","Arthropoda","Insecta","Lepidoptera","Noctuidae","Xanthomera","Xanthomera leucoglene"
"945","Animalia","Arthropoda","Insecta","Lepidoptera","Erebidae","Homoeomeria","Homoeomeria flavicapilla"
"946","Animalia","Arthropoda","Insecta","Lepidoptera","Sphingidae","Praedora","Praedora plagiata"
"947","Animalia","Arthropoda","Insecta","Lepidoptera","Erebidae","Achaea","Achaea praestans"
"948","Animalia","Arthropoda","Insecta","Lepidoptera","Notodontidae","Antheua","Antheua tricolor"
"949","Animalia","Arthropoda","Insecta","Lepidoptera","Crambidae","Psara","Psara atritermina"
"950","Animalia","Arthropoda","Insecta","Lepidoptera","Gelechiidae","Phthorimaea","Phthorimaea absoluta"
"951","Animalia","Arthropoda","Insecta","Lepidoptera","Erebidae","Pusiola","Pusiola interstiteola"
"952","Animalia","Arthropoda","Insecta","Lepidoptera","Eupterotidae","Stenoglene","Stenoglene obtusus"
"953","Animalia","Arthropoda","Insecta","Lepidoptera","Crambidae","Parotis","Parotis baldersalis"
"954","Animalia","Arthropoda","Insecta","Lepidoptera","Erebidae","Schalidomitra","Schalidomitra ambages"
"955","Animalia","Arthropoda","Insecta","Lepidoptera","Sphingidae","Polyptychoides","Polyptychoides grayii"
"956","Animalia","Arthropoda","Insecta","Lepidoptera","Geometridae","Phoenicocampa","Phoenicocampa terinata"
"957","Animalia","Arthropoda","Insecta","Lepidoptera","Erebidae","Logunovium","Logunovium scortillum"
"958","Animalia","Arthropoda","Insecta","Lepidoptera","Nolidae","Neaxestis","Neaxestis rhoda"
"959","Animalia","Arthropoda","Insecta","Lepidoptera","Erebidae","Digama","Digama ostentata"
"960","Animalia","Arthropoda","Insecta","Lepidoptera","Erebidae","Rhanidophora","Rhanidophora ridens"
"961","Animalia","Arthropoda","Insecta","Lepidoptera","Noctuidae","Eulocastra","Eulocastra aethiops"
"962","Animalia","Arthropoda","Insecta","Lepidoptera","Limacodidae","Brachypecta","Brachypecta perobliqua"
"963","Animalia","Arthropoda","Insecta","Lepidoptera","Lycaenidae","Cacyreus","Cacyreus virilis"
"964","Animalia","Arthropoda","Insecta","Lepidoptera","Hesperiidae","Coeliades","Coeliades keithloa"
"965","Animalia","Arthropoda","Insecta","Lepidoptera","Lasiocampidae","Trichopisthia","Trichopisthia igneotincta"
"966","Animalia","Arthropoda","Insecta","Lepidoptera","Limacodidae","Ectropa","Ectropa ancilis"
"967","Animalia","Arthropoda","Insecta","Lepidoptera","Noctuidae","Ovios","Ovios capensis"
"968","Animalia","Arthropoda","Insecta","Lepidoptera","Crambidae","Notarcha","Notarcha quaternalis"
"969","Animalia","Arthropoda","Insecta","Lepidoptera","Noctuidae","Brephos","Brephos decora"
"970","Animalia","Arthropoda","Insecta","Lepidoptera","Geometridae","Epicosymbia","Epicosymbia nitidata"
"971","Animalia","Arthropoda","Insecta","Lepidoptera","Erebidae","Hypopyra","Hypopyra africana"
"972","Animalia","Arthropoda","Insecta","Lepidoptera","Erebidae","Brevipecten","Brevipecten legraini"
"973","Animalia","Arthropoda","Insecta","Lepidoptera","Geometridae","Ligdia","Ligdia batesii"
"974","Animalia","Arthropoda","Insecta","Lepidoptera","Notodontidae","Afroplitis","Afroplitis dasychirina"
"975","Animalia","Arthropoda","Insecta","Lepidoptera","Geometridae","Somatina","Somatina figurata"
"976","Animalia","Arthropoda","Insecta","Lepidoptera","Crambidae","Phostria","Phostria bistigmalis"
"977","Animalia","Arthropoda","Insecta","Lepidoptera","Erebidae","Galtara","Galtara rostrata"
"978","Animalia","Arthropoda","Insecta","Lepidoptera","Erebidae","Amata","Amata schellhorni"
"979","Animalia","Arthropoda","Insecta","Lepidoptera","Limacodidae","Neogavara","Neogavara imitans"
"980","Animalia","Arthropoda","Insecta","Lepidoptera","Nymphalidae","Pseudonympha","Pseudonympha magus"
"981","Animalia","Arthropoda","Insecta","Lepidoptera","Crambidae","Sameodes","Sameodes cancellalis"
"982","Animalia","Arthropoda","Insecta","Lepidoptera","Sphingidae","Neopolyptychus","Neopolyptychus compar"
"983","Animalia","Arthropoda","Insecta","Lepidoptera","Noctuidae","Timora","Timora disticta"
"984","Animalia","Arthropoda","Insecta","Lepidoptera","Gracillariidae","Phyllocnistis","Phyllocnistis citrella"
"985","Animalia","Arthropoda","Insecta","Lepidoptera","Limacodidae","Hamartia","Hamartia clarissa"
"986","Animalia","Arthropoda","Insecta","Lepidoptera","Lasiocampidae","Sena","Sena prompta"
"987","Animalia","Arthropoda","Insecta","Lepidoptera","Crambidae","Chilo","Chilo partellus"
"988","Animalia","Arthropoda","Insecta","Lepidoptera","Geometridae","Problepsis","Problepsis digammata"
"989","Animalia","Arthropoda","Insecta","Lepidoptera","Crambidae","Epipagis","Epipagis olesialis"
"990","Animalia","Arthropoda","Insecta","Lepidoptera","Pyralidae","Trachypteryx","Trachypteryx rhodoxantha"
"991","Animalia","Arthropoda","Insecta","Lepidoptera","Crambidae","Trichophysetis","Trichophysetis flavimargo"
"992","Animalia","Arthropoda","Insecta","Lepidoptera","Noctuidae","Mentaxya","Mentaxya ignicollis"
"993","Animalia","Arthropoda","Insecta","Lepidoptera","Pyralidae","Bostra","Bostra albilineata"
"994","Animalia","Arthropoda","Insecta","Lepidoptera","Noctuidae","Eublemma","Eublemma cochylioides"
"995","Animalia","Arthropoda","Insecta","Lepidoptera","Erebidae","Plusiodonta","Plusiodonta natalensis"
"996","Animalia","Arthropoda","Insecta","Lepidoptera","Crambidae","Zebronia","Zebronia phenice"
"997","Animalia","Arthropoda","Insecta","Lepidoptera","Crambidae","Leucinodes","Leucinodes vagans"
"998","Animalia","Arthropoda","Insecta","Lepidoptera","Erebidae","Euproctis","Euproctis rufopunctata"
"999","Animalia","Arthropoda","Insecta","Lepidoptera","Erebidae","Crionica","Crionica cervicornis"
"1000","Animalia","Arthropoda","Insecta","Lepidoptera","Noctuidae","Amyna","Amyna punctum"
"1001","Animalia","Arthropoda","Insecta","Lepidoptera","Limacodidae","Semyrilla","Semyrilla lineata"
"1002","Animalia","Arthropoda","Insecta","Lepidoptera","Erebidae","Rhypopteryx","Rhypopteryx rhodea"
"1003","Animalia","Arthropoda","Insecta","Lepidoptera","Geometridae","Cerurographa","Cerurographa bistonica"
"1004","Animalia","Arthropoda","Insecta","Lepidoptera","Lasiocampidae","Eucraera","Eucraera gemmata"
"1005","Animalia","Arthropoda","Insecta","Lepidoptera","Lycaenidae","Thestor","Thestor holmesi"
"1006","Animalia","Arthropoda","Insecta","Lepidoptera","Hesperiidae","Platylesches","Platylesches moritili"
"1007","Animalia","Arthropoda","Insecta","Lepidoptera","Erebidae","Automolis","Automolis meteus"
"1008","Animalia","Arthropoda","Insecta","Lepidoptera","Crambidae","Nausinoe","Nausinoe geometralis"
"1009","Animalia","Arthropoda","Insecta","Lepidoptera","Geometridae","Problepsis",""
"1010","Animalia","Arthropoda","Insecta","Lepidoptera","Erebidae","Automolis","Automolis bicolora"
"1011","Animalia","Arthropoda","Insecta","Lepidoptera","Crambidae","Analyta","Analyta calligrammalis"
"1012","Animalia","Arthropoda","Insecta","Lepidoptera","Eupterotidae","Hoplojana","Hoplojana rhodoptera"
"1013","Animalia","Arthropoda","Insecta","Lepidoptera","Limacodidae","Afrobirthama","Afrobirthama flaccidia"
"1014","Animalia","Arthropoda","Insecta","Lepidoptera","Eupterotidae","Phiala","Phiala incana"
"1015","Animalia","Arthropoda","Insecta","Lepidoptera","Lycaenidae","Thestor","Thestor vansoni"
"1016","Animalia","Arthropoda","Insecta","Lepidoptera","Pieridae","Dixeia","Dixeia spilleri"
"1017","Animalia","Arthropoda","Insecta","Lepidoptera","Lycaenidae","Durbaniella","Durbaniella clarki"
"1018","Animalia","Arthropoda","Insecta","Lepidoptera","Lasiocampidae","Henometa","Henometa clarki"
"1019","Animalia","Arthropoda","Insecta","Lepidoptera","Sphingidae","Temnora","Temnora marginata"
"1020","Animalia","Arthropoda","Insecta","Lepidoptera","Geometridae","Prasinocyma","Prasinocyma panchlora"
"1021","Animalia","Arthropoda","Insecta","Lepidoptera","Geometridae","Oneiliana","Oneiliana multifera"
"1022","Animalia","Arthropoda","Insecta","Lepidoptera","Noctuidae","Cerynea","Cerynea virescens"
"1023","Animalia","Arthropoda","Insecta","Lepidoptera","Nymphalidae","Phalanta","Phalanta columbina"
"1024","Animalia","Arthropoda","Insecta","Lepidoptera","Erebidae","Automolis","Metarctia rufescens"
"1025","Animalia","Arthropoda","Insecta","Lepidoptera","Erebidae","Cortyta","Cortyta canescens"
"1026","Animalia","Arthropoda","Insecta","Lepidoptera","Erebidae","Grammodes","Grammodes congenita"
"1027","Animalia","Arthropoda","Insecta","Lepidoptera","Geometridae","Erastria","Erastria leucicolor"
"1028","Animalia","Arthropoda","Insecta","Lepidoptera","Limacodidae","Taeda","Taeda aetitis"
"1029","Animalia","Arthropoda","Insecta","Lepidoptera","Ethmiidae","Ethmia","Ethmia sabiella"
"1030","Animalia","Arthropoda","Insecta","Lepidoptera","Lasiocampidae","Beralade","Beralade perobliqua"
"1031","Animalia","Arthropoda","Insecta","Lepidoptera","Nolidae","Neaxestis","Neaxestis griseata"
"1032","Animalia","Arthropoda","Insecta","Lepidoptera","Noctuidae","Cirrodes","Cirrodes phoenicea"
"1033","Animalia","Arthropoda","Insecta","Lepidoptera","Noctuidae","Acontia","Acontia wallengreni"
"1034","Animalia","Arthropoda","Insecta","Lepidoptera","Noctuidae","Syngatha","Syngatha latiflavaria"
"1035","Animalia","Arthropoda","Insecta","Lepidoptera","Eupterotidae","Stenoglene","Stenoglene roseus"
"1036","Animalia","Arthropoda","Insecta","Lepidoptera","Geometridae","Ligdia","Ligdia pectinicornis"
"1037","Animalia","Arthropoda","Insecta","Lepidoptera","Geometridae","Paragathia","Paragathia albimarginata"
"1038","Animalia","Arthropoda","Insecta","Lepidoptera","Lycaenidae","Chrysoritis","Chrysoritis pan"
"1039","Animalia","Arthropoda","Insecta","Lepidoptera","Nolidae","Paraxestis","Paraxestis rufescens"
"1040","Animalia","Arthropoda","Insecta","Lepidoptera","Erebidae","Ilemodes","Ilemodes astriga"
"1041","Animalia","Arthropoda","Insecta","Lepidoptera","Sphingidae","Hippotion","Hippotion osiris"
"1042","Animalia","Arthropoda","Insecta","Lepidoptera","Erebidae","Phytometra","Phytometra opsiphora"
"1043","Animalia","Arthropoda","Insecta","Lepidoptera","Sphingidae","Temnora","Temnora funebris"
"1044","Animalia","Arthropoda","Insecta","Lepidoptera","Lycaenidae","Zeritis","Zeritis aethon"
"1045","Animalia","Arthropoda","Insecta","Lepidoptera","Notodontidae","Eubreyeria","Eubreyeria dasychiroides"
"1046","Animalia","Arthropoda","Insecta","Lepidoptera","Lasiocampidae","Sena","Sena donaldsoni"
"1047","Animalia","Arthropoda","Insecta","Lepidoptera","Erebidae","Amsacta","Amsacta grammiphlebia"
"1048","Animalia","Arthropoda","Insecta","Lepidoptera","Erebidae","Creagra","Creagra liturata"
"1049","Animalia","Arthropoda","Insecta","Lepidoptera","Hepialidae","Eudalaca","Eudalaca semicanus"
"1050","Animalia","Arthropoda","Insecta","Lepidoptera","Hesperiidae","Eretis",""
"1051","Animalia","Arthropoda","Insecta","Lepidoptera","Lycaenidae","Chrysoritis","Chrysoritis felthami"
"1052","Animalia","Arthropoda","Insecta","Lepidoptera","Geometridae","Chiasmia","Chiasmia simplicilinea"
"1053","Animalia","Arthropoda","Insecta","Lepidoptera","Euteliidae","Eutelia","Eutelia catephioides"
"1054","Animalia","Arthropoda","Insecta","Lepidoptera","Lycaenidae","Chrysoritis","Chrysoritis thysbe"
"1055","Animalia","Arthropoda","Insecta","Lepidoptera","Noctuidae","Acontia","Acontia aurelia"
"1056","Animalia","Arthropoda","Insecta","Lepidoptera","Euteliidae","Caligatus","Caligatus angasii"
"1057","Animalia","Arthropoda","Insecta","Lepidoptera","Lycaenidae","Aloeides","Aloeides penningtoni"
"1058","Animalia","Arthropoda","Insecta","Lepidoptera","Notodontidae","Pararethona","Pararethona hierax"
"1059","Animalia","Arthropoda","Insecta","Lepidoptera","Nymphalidae","Neita","Neita extensa"
"1060","Animalia","Arthropoda","Insecta","Lepidoptera","Notodontidae","Anaphe","Anaphe panda"
"1061","Animalia","Arthropoda","Insecta","Lepidoptera","Geometridae","Mixocera","Mixocera frustratoria"
"1062","Animalia","Arthropoda","Insecta","Lepidoptera","Notodontidae","Leptolepida","Leptolepida varians"
"1063","Animalia","Arthropoda","Insecta","Lepidoptera","Sphingidae","Euchloron","Euchloron megaera"
"1064","Animalia","Arthropoda","Insecta","Lepidoptera","Noctuidae","Callopistria","Callopistria yerburii"
"1065","Animalia","Arthropoda","Insecta","Lepidoptera","Hepialidae","Gorgopis","Gorgopis libania"
"1066","Animalia","Arthropoda","Insecta","Lepidoptera","Crambidae","Ischnurges","Stenochora lancinalis"
"1067","Animalia","Arthropoda","Insecta","Lepidoptera","Notodontidae","Pseudorethona","Pseudorethona albicans"
"1068","Animalia","Arthropoda","Insecta","Lepidoptera","Erebidae","Dysgonia","Dysgonia harmonica"
"1069","Animalia","Arthropoda","Insecta","Lepidoptera","Bombycidae","Ocinara","Ocinara ficicola"
"1070","Animalia","Arthropoda","Insecta","Lepidoptera","Saturniidae","Ludia","Ludia orinoptena"
"1071","Animalia","Arthropoda","Insecta","Lepidoptera","Hesperiidae","Dotta",""
"1072","Animalia","Arthropoda","Insecta","Lepidoptera","Erebidae","Laelia","Laelia punctulata"
"1073","Animalia","Arthropoda","Insecta","Lepidoptera","Pyralidae","Bostra","Bostra xanthorhodalis"
"1074","Animalia","Arthropoda","Insecta","Lepidoptera","Erebidae","Corgatha","Corgatha porphyrana"
"1075","Animalia","Arthropoda","Insecta","Lepidoptera","Lasiocampidae","Metajana","Metajana marshalli"
"1076","Animalia","Arthropoda","Insecta","Lepidoptera","Lycaenidae","Myrina","Myrina silenus"
"1077","Animalia","Arthropoda","Insecta","Lepidoptera","Eriocottidae","Compsoctena","Compsoctena aedifica"
"1078","Animalia","Arthropoda","Insecta","Lepidoptera","Erebidae","Simplicia","Simplicia extinctalis"
"1079","Animalia","Arthropoda","Insecta","Lepidoptera","Erebidae","Taviodes","Taviodes subjecta"
"1080","Animalia","Arthropoda","Insecta","Lepidoptera","Erebidae","Cropera","Cropera phlebitis"
"1081","Animalia","Arthropoda","Insecta","Lepidoptera","Noctuidae","Vietteania","Vietteania torrentium"
"1082","Animalia","Arthropoda","Insecta","Lepidoptera","Lycaenidae","Aloeides","Aloeides molomo"
"1083","Animalia","Arthropoda","Insecta","Lepidoptera","Erebidae","Digama","Digama meridionalis"
"1084","Animalia","Arthropoda","Insecta","Lepidoptera","Pieridae","Glutophrissa","Glutophrissa epaphia"
"1085","Animalia","Arthropoda","Insecta","Lepidoptera","Metarbelidae","Teragra","Teragra althodes"
"1086","Animalia","Arthropoda","Insecta","Lepidoptera","Geometridae","Zerenopsis","Zerenopsis lepida"
"1087","Animalia","Arthropoda","Insecta","Lepidoptera","Geometridae","Aphilopota","Aphilopota decepta"
"1088","Animalia","Arthropoda","Insecta","Lepidoptera","Noctuidae","Tycomarptes","Tycomarptes inferior"
"1089","Animalia","Arthropoda","Insecta","Lepidoptera","Nymphalidae","Neptis","Neptis laeta"
"1090","Animalia","Arthropoda","Insecta","Lepidoptera","Erebidae","Grammodes","Grammodes latifera"
"1091","Animalia","Arthropoda","Insecta","Lepidoptera","Metarbelidae","Arbelodes","Arbelodes franziskae"
"1092","Animalia","Arthropoda","Insecta","Lepidoptera","Cossidae","Coryphodema","Coryphodema tristis"
"1093","Animalia","Arthropoda","Insecta","Lepidoptera","Erebidae","Salvatgea","Salvatgea xanthosoma"
"1094","Animalia","Arthropoda","Insecta","Lepidoptera","Limacodidae","Crothaema","Crothaema sericea"
"1095","Animalia","Arthropoda","Insecta","Lepidoptera","Nymphalidae","Stygionympha","Stygionympha wichgrafi"
"1096","Animalia","Arthropoda","Insecta","Lepidoptera","Hesperiidae","Astictopterus","Astictopterus inornatus"
"1097","Animalia","Arthropoda","Insecta","Lepidoptera","Noctuidae","Cerynea","Cerynea thermesialis"
"1098","Animalia","Arthropoda","Insecta","Lepidoptera","Nymphalidae","Eurytela","Eurytela hiarbas"
"1099","Animalia","Arthropoda","Insecta","Lepidoptera","Noctuidae","Ctenoplusia","Ctenoplusia limbirena"
"1100","Animalia","Arthropoda","Insecta","Lepidoptera","Limacodidae","Chrysopoloma","Chrysopoloma varia"
"1101","Animalia","Arthropoda","Insecta","Lepidoptera","Crambidae","Nausinoe","Nausinoe aphrospila"
"1102","Animalia","Arthropoda","Insecta","Lepidoptera","Nymphalidae","Neptis","Neptis goochii"
"1103","Animalia","Arthropoda","Insecta","Lepidoptera","Noctuidae","Eublemma","Eublemma bipartita"
"1104","Animalia","Arthropoda","Insecta","Lepidoptera","Lycaenidae","Anthene","Anthene princeps"
"1105","Animalia","Arthropoda","Insecta","Lepidoptera","Erebidae","Pseudochromatosia","Pseudochromatosia nigrapex"
"1106","Animalia","Arthropoda","Insecta","Lepidoptera","Hesperiidae","Eretis","Eretis umbra"
"1107","Animalia","Arthropoda","Insecta","Lepidoptera","Crambidae","Euchromius","Euchromius discopis"
"1108","Animalia","Arthropoda","Insecta","Lepidoptera","Pyralidae","Bostra","Bostra dipectinialis"
"1109","Animalia","Arthropoda","Insecta","Lepidoptera","Notodontidae","Rosinella","Rosinella rosinaria"
"1110","Animalia","Arthropoda","Insecta","Lepidoptera","Geometridae","Lophostola","Lophostola atridisca"
"1111","Animalia","Arthropoda","Insecta","Lepidoptera","Crambidae","Autocharis","Autocharis jacobsalis"
"1112","Animalia","Arthropoda","Insecta","Lepidoptera","Crambidae","Calamoschoena","Calamoschoena stictalis"
"1113","Animalia","Arthropoda","Insecta","Lepidoptera","Lycaenidae","Pseudonacaduba","Pseudonacaduba sichela"
"1114","Animalia","Arthropoda","Insecta","Lepidoptera","Hesperiidae","Acleros","Acleros mackenii"
"1115","Animalia","Arthropoda","Insecta","Lepidoptera","Lycaenidae","Aloeides","Aloeides egerides"
"1116","Animalia","Arthropoda","Insecta","Lepidoptera","Crambidae","Piletocera","Piletocera flavalis"
"1117","Animalia","Arthropoda","Insecta","Lepidoptera","Geometridae","Zamarada","Zamarada ascaphes"
"1118","Animalia","Arthropoda","Insecta","Lepidoptera","Nymphalidae","Pseudonympha","Pseudonympha hippia"
"1119","Animalia","Arthropoda","Insecta","Lepidoptera","Nymphalidae","Hypolimnas","Hypolimnas dubius"
"1120","Animalia","Arthropoda","Insecta","Lepidoptera","Erebidae","Achaea","Achaea indeterminata"
"1121","Animalia","Arthropoda","Insecta","Lepidoptera","Crambidae","Botyodes","Botyodes diniasalis"
"1122","Animalia","Arthropoda","Insecta","Lepidoptera","Geometridae","Traminda","Traminda obversata"
"1123","Animalia","Arthropoda","Insecta","Lepidoptera","Sphingidae","Neoclanis","Neoclanis basalis"
"1124","Animalia","Arthropoda","Insecta","Lepidoptera","Noctuidae","Anedhella","Anedhella rectiradiata"
"1125","Animalia","Arthropoda","Insecta","Lepidoptera","Lasiocampidae","Gonometa","Gonometa rufobrunnea"
"1126","Animalia","Arthropoda","Insecta","Lepidoptera","Lycaenidae","Castalius","Castalius calice"
"1127","Animalia","Arthropoda","Insecta","Lepidoptera","Geometridae","Xenochroma","Xenochroma candidata"
"1128","Animalia","Arthropoda","Insecta","Lepidoptera","Geometridae","Xanthorhoe","Xanthorhoe poseata"
"1129","Animalia","Arthropoda","Insecta","Lepidoptera","Sphingidae","Basiothia","Basiothia schenki"
"1130","Animalia","Arthropoda","Insecta","Lepidoptera","Erebidae","Ophiusa","Ophiusa cancellata"
"1131","Animalia","Arthropoda","Insecta","Lepidoptera","Lycaenidae","Argiolaus","Argiolaus silas"
"1132","Animalia","Arthropoda","Insecta","Lepidoptera","Nymphalidae","Tarsocera","Tarsocera cassus"
"1133","Animalia","Arthropoda","Insecta","Lepidoptera","Lycaenidae","Anthene","Anthene lemnos"
"1134","Animalia","Arthropoda","Insecta","Lepidoptera","Noctuidae","Ozarba","Ozarba abscissa"
"1135","Animalia","Arthropoda","Insecta","Lepidoptera","Nymphalidae","Paternympha","Paternympha narycia"
"1136","Animalia","Arthropoda","Insecta","Lepidoptera","Erebidae","Acantholipes","Acantholipes namacensis"
"1137","Animalia","Arthropoda","Insecta","Lepidoptera","Nymphalidae","Acraea","Acraea anacreon"
"1138","Animalia","Arthropoda","Insecta","Lepidoptera","Nymphalidae","Charaxes","Charaxes wakefieldi"
"1139","Animalia","Arthropoda","Insecta","Lepidoptera","Crambidae","Pardomima","Pardomima distortana"
"1140","Animalia","Arthropoda","Insecta","Lepidoptera","Papilionidae","Graphium","Graphium angolanus"
"1141","Animalia","Arthropoda","Insecta","Lepidoptera","Geometridae","Scopula","Scopula fimbrilineata"
"1142","Animalia","Arthropoda","Insecta","Lepidoptera","Nymphalidae","Ypthima","Ypthima asterope"
"1143","Animalia","Arthropoda","Insecta","Lepidoptera","Hesperiidae","Sarangesa","Sarangesa seineri"
"1144","Animalia","Arthropoda","Insecta","Lepidoptera","Lycaenidae","Zizina","Zizina otis"
"1145","Animalia","Arthropoda","Insecta","Lepidoptera","Lycaenidae","Aloeides","Aloeides rossouwi"
"1146","Animalia","Arthropoda","Insecta","Lepidoptera","Lycaenidae","Lepidochrysops","Lepidochrysops ketsi"
"1147","Animalia","Arthropoda","Insecta","Lepidoptera","Crambidae","Parotis","Parotis prasinophila"
"1148","Animalia","Arthropoda","Insecta","Lepidoptera","Erebidae","Creatonotos","Creatonotos punctivitta"
"1149","Animalia","Arthropoda","Insecta","Lepidoptera","Erebidae","Plecoptera","Plecoptera sarcistis"
"1150","Animalia","Arthropoda","Insecta","Lepidoptera","Geometridae","Lomographa","Lomographa indularia"
"1151","Animalia","Arthropoda","Insecta","Lepidoptera","Lycaenidae","Leptotes","Leptotes pirithous"
"1152","Animalia","Arthropoda","Insecta","Lepidoptera","Limacodidae","Afraltha","Afraltha chionostola"
"1153","Animalia","Arthropoda","Insecta","Lepidoptera","Noctuidae","Spodoptera","Spodoptera exempta"
"1154","Animalia","Arthropoda","Insecta","Lepidoptera","Geometridae","Cartaletis","Cartaletis libyssa"
"1155","Animalia","Arthropoda","Insecta","Lepidoptera","Lycaenidae","Myrina","Myrina dermaptera"
"1156","Animalia","Arthropoda","Insecta","Lepidoptera","Sphingidae","Temnora","Temnora plagiata"
"1157","Animalia","Arthropoda","Insecta","Lepidoptera","Lycaenidae","Euchrysops","Euchrysops malathana"
"1158","Animalia","Arthropoda","Insecta","Lepidoptera","Crambidae","Leucinodes","Leucinodes pseudorbonalis"
"1159","Animalia","Arthropoda","Insecta","Lepidoptera","Crambidae","Syllepte","Syllepte orbiferalis"
"1160","Animalia","Arthropoda","Insecta","Lepidoptera","Lycaenidae","Aphnaeus","Aphnaeus phanes"
"1161","Animalia","Arthropoda","Insecta","Lepidoptera","Nymphalidae","Ypthima","Ypthima impura"
"1162","Animalia","Arthropoda","Insecta","Lepidoptera","Sphingidae","Nephele","Nephele argentifera"
"1163","Animalia","Arthropoda","Insecta","Lepidoptera","Geometridae","Scopula","Scopula caesaria"
"1164","Animalia","Arthropoda","Insecta","Lepidoptera","Lycaenidae","Tylopaedia","Tylopaedia sardonyx"
"1165","Animalia","Arthropoda","Insecta","Lepidoptera","Geometridae","Piercia","Piercia bryophilaria"
"1166","Animalia","Arthropoda","Insecta","Lepidoptera","Lycaenidae","Thestor","Thestor rossouwi"
"1167","Animalia","Arthropoda","Insecta","Lepidoptera","Geometridae","Prasinocyma","Prasinocyma hadrata"
"1168","Animalia","Arthropoda","Insecta","Lepidoptera","Noctuidae","Aedia","Aedia nigrescens"
"1169","Animalia","Arthropoda","Insecta","Lepidoptera","Lycaenidae","Thestor","Thestor basutus"
"1170","Animalia","Arthropoda","Insecta","Lepidoptera","Notodontidae","Phalera","Phalera imitata"
"1171","Animalia","Arthropoda","Insecta","Lepidoptera","Noctuidae","Lophocyttarra","Lophocyttarra argyropasta"
"1172","Animalia","Arthropoda","Insecta","Lepidoptera","Lycaenidae","Aloeides","Aloeides swanepoeli"
"1173","Animalia","Arthropoda","Insecta","Lepidoptera","Noctuidae","Agrotis","Agrotis ipsilon"
"1174","Animalia","Arthropoda","Insecta","Lepidoptera","Hepialidae","Leto","Leto venus"
"1175","Animalia","Arthropoda","Insecta","Lepidoptera","Lycaenidae","Aloeides","Aloeides dryas"
"1176","Animalia","Arthropoda","Insecta","Lepidoptera","Erebidae","Hypocala","Hypocala rostrata"
"1177","Animalia","Arthropoda","Insecta","Lepidoptera","Erebidae","Grammodes","Grammodes euclidioides"
"1178","Animalia","Arthropoda","Insecta","Lepidoptera","Hesperiidae","Sarangesa","Sarangesa phidyle"
"1179","Animalia","Arthropoda","Insecta","Lepidoptera","Geometridae","Scopula","Scopula straminea"
"1180","Animalia","Arthropoda","Insecta","Lepidoptera","Noctuidae","Mentaxya","Mentaxya albifrons"
"1181","Animalia","Arthropoda","Insecta","Lepidoptera","Nymphalidae","Acraea","Acraea igola"
"1182","Animalia","Arthropoda","Insecta","Lepidoptera","Geometridae","Prasinocyma","Prasinocyma oculata"
"1183","Animalia","Arthropoda","Insecta","Lepidoptera","Papilionidae","Graphium","Graphium morania"
"1184","Animalia","Arthropoda","Insecta","Lepidoptera","Erebidae","Amerila","Amerila vitrea"
"1185","Animalia","Arthropoda","Insecta","Lepidoptera","Crambidae","Prophantis","Prophantis smaragdina"
"1186","Animalia","Arthropoda","Insecta","Lepidoptera","Crambidae","Pardomima","Pardomima callixantha"
"1187","Animalia","Arthropoda","Insecta","Lepidoptera","Geometridae","Nassinia","Nassinia caffraria"
"1188","Animalia","Arthropoda","Insecta","Lepidoptera","Noctuidae","Androlymnia","Androlymnia torsivena"
"1189","Animalia","Arthropoda","Insecta","Lepidoptera","Lycaenidae","Alaena","Alaena amazoula"
"1190","Animalia","Arthropoda","Insecta","Lepidoptera","Noctuidae","Eublemma","Eublemma apicimacula"
"1191","Animalia","Arthropoda","Insecta","Lepidoptera","Erebidae","Oedipygilema","Oedipygilema aposema"
"1192","Animalia","Arthropoda","Insecta","Lepidoptera","Geometridae","Chlorissa","Chlorissa attenuata"
"1193","Animalia","Arthropoda","Insecta","Lepidoptera","Lycaenidae","Azanus","Azanus mirza"
"1194","Animalia","Arthropoda","Insecta","Lepidoptera","Geometridae","Epicosymbia","Epicosymbia perstrigulata"
"1195","Animalia","Arthropoda","Insecta","Lepidoptera","Crambidae","Thliptoceras","Thliptoceras xanthocraspia"
"1196","Animalia","Arthropoda","Insecta","Lepidoptera","Lycaenidae","Lepidochrysops","Lepidochrysops ignota"
"1197","Animalia","Arthropoda","Insecta","Lepidoptera","Crambidae","Loxostege","Loxostege venustalis"
"1198","Animalia","Arthropoda","Insecta","Lepidoptera","Erebidae","Amphicallia","Amphicallia bellatrix"
"1199","Animalia","Arthropoda","Insecta","Lepidoptera","Noctuidae","Acontia","Acontia margaritata"
"1200","Animalia","Arthropoda","Insecta","Lepidoptera","Geometridae","Obolcola","Obolcola petronaria"
"1201","Animalia","Arthropoda","Insecta","Lepidoptera","Noctuidae","Spodoptera","Spodoptera abyssinia"
"1202","Animalia","Arthropoda","Insecta","Lepidoptera","Lycaenidae","Aloeides","Aloeides stevensoni"
"1203","Animalia","Arthropoda","Insecta","Lepidoptera","Zygaenidae","Orna","Orna nebulosa"
"1204","Animalia","Arthropoda","Insecta","Lepidoptera","Lycaenidae","Aloeides","Aloeides titei"
"1205","Animalia","Arthropoda","Insecta","Lepidoptera","Erebidae","Exilisia","Exilisia bipuncta"
"1206","Animalia","Arthropoda","Insecta","Lepidoptera","Eupterotidae","Rhabdosia","Rhabdosia patagiata"
"1207","Animalia","Arthropoda","Insecta","Lepidoptera","Geometridae","Pareclipsis","Pareclipsis punctata"
"1208","Animalia","Arthropoda","Insecta","Lepidoptera","Nymphalidae","Euphaedra","Euphaedra neophron"
"1209","Animalia","Arthropoda","Insecta","Lepidoptera","Erebidae","Grammodes","Grammodes bifasciata"
"1210","Animalia","Arthropoda","Insecta","Lepidoptera","Geometridae","Coenina","Coenina poecilaria"
"1211","Animalia","Arthropoda","Insecta","Lepidoptera","Sphingidae","Pseudandriasa","Pseudandriasa mutata"
"1212","Animalia","Arthropoda","Insecta","Lepidoptera","Nymphalidae","Serradinga",""
"1213","Animalia","Arthropoda","Insecta","Lepidoptera","Geometridae","Xylopteryx","Xylopteryx protearia"
"1214","Animalia","Arthropoda","Insecta","Lepidoptera","Lycaenidae","Durbania","Durbania amakosa"
"1215","Animalia","Arthropoda","Insecta","Lepidoptera","Erebidae","Brunia","Brunia vicaria"
"1216","Animalia","Arthropoda","Insecta","Lepidoptera","Zygaenidae","Neurosymploca","Neurosymploca naumanniola"
"1217","Animalia","Arthropoda","Insecta","Lepidoptera","Tortricidae","Droceta","Droceta cedrota"
"1218","Animalia","Arthropoda","Insecta","Lepidoptera","Lycaenidae","Aloeides","Aloeides simplex"
"1219","Animalia","Arthropoda","Insecta","Lepidoptera","Geometridae","Piercia","Piercia prasinaria"
"1220","Animalia","Arthropoda","Insecta","Lepidoptera","Geometridae","Myrioblephara","Myrioblephara muscosa"
"1221","Animalia","Arthropoda","Insecta","Lepidoptera","Pieridae","Eurema","Eurema floricola"
"1222","Animalia","Arthropoda","Insecta","Lepidoptera","Erebidae","Auchenisa","Auchenisa berenice"
"1223","Animalia","Arthropoda","Insecta","Lepidoptera","Erebidae","Eyralpenus","Eyralpenus sublutea"
"1224","Animalia","Arthropoda","Insecta","Lepidoptera","Pyralidae","Galleria","Galleria mellonella"
"1225","Animalia","Arthropoda","Insecta","Lepidoptera","Papilionidae","Graphium","Graphium policenes"
"1226","Animalia","Arthropoda","Insecta","Lepidoptera","Papilionidae","Graphium","Graphium porthaon"
"1227","Animalia","Arthropoda","Insecta","Lepidoptera","Noctuidae","Aegocera","Aegocera fervida"
"1228","Animalia","Arthropoda","Insecta","Lepidoptera","Lycaenidae","Anthene","Anthene larydas"
"1229","Animalia","Arthropoda","Insecta","Lepidoptera","Saturniidae","Gonimbrasia","Gonimbrasia zambesina"
"1230","Animalia","Arthropoda","Insecta","Lepidoptera","Noctuidae","Ozarba","Ozarba hypoxantha"
"1231","Animalia","Arthropoda","Insecta","Lepidoptera","Lycaenidae","Cigaritis","Cigaritis mozambica"
"1232","Animalia","Arthropoda","Insecta","Lepidoptera","Yponomeutidae","Yponomeuta","Yponomeuta africana"
"1233","Animalia","Arthropoda","Insecta","Lepidoptera","Geometridae","Protosteira","Protosteira spectabilis"
"1234","Animalia","Arthropoda","Insecta","Lepidoptera","Noctuidae","Hadena","Hadena bulgeri"
"1235","Animalia","Arthropoda","Insecta","Lepidoptera","Pyralidae","Epilepia","Epilepia melanobrunnea"
"1236","Animalia","Arthropoda","Insecta","Lepidoptera","Noctuidae","Paroruza","Paroruza subductata"
"1237","Animalia","Arthropoda","Insecta","Lepidoptera","Noctuidae","Heliothis","Heliothis flavirufa"
"1238","Animalia","Arthropoda","Insecta","Lepidoptera","Choreutidae","Choreutis","Choreutis aegyptiaca"
"1239","Animalia","Arthropoda","Insecta","Lepidoptera","Zygaenidae","Neurosymploca","Neurosymploca caffra"
"1240","Animalia","Arthropoda","Insecta","Lepidoptera","Gracillariidae","Macarostola","Macarostola noellineae"
"1241","Animalia","Arthropoda","Insecta","Lepidoptera","Erebidae","Dasychira","Dasychira lunensis"
"1242","Animalia","Arthropoda","Insecta","Lepidoptera","Sphingidae","Temnora","Temnora pylas"
"1243","Animalia","Arthropoda","Insecta","Lepidoptera","Pieridae","Teracolus","Teracolus agoye"
"1244","Animalia","Arthropoda","Insecta","Lepidoptera","Psychidae","Typhonia","Typhonia picea"
"1245","Animalia","Arthropoda","Insecta","Lepidoptera","Pieridae","Eronia","Eronia leda"
"1246","Animalia","Arthropoda","Insecta","Lepidoptera","Noctuidae","Spodoptera","Spodoptera apertura"
"1247","Animalia","Arthropoda","Insecta","Lepidoptera","Lycaenidae","Orachrysops","Orachrysops montanus"
"1248","Animalia","Arthropoda","Insecta","Lepidoptera","Pyralidae","Maliarpha","Biafra concinnella"
"1249","Animalia","Arthropoda","Insecta","Lepidoptera","Nolidae","Negeta","Negeta luminosa"
"1250","Animalia","Arthropoda","Insecta","Lepidoptera","Eupterotidae","Tissanga","Tissanga pretoriae"
"1251","Animalia","Arthropoda","Insecta","Lepidoptera","Noctuidae","Eublemma","Eublemma ornatula"
"1252","Animalia","Arthropoda","Insecta","Lepidoptera","Hepialidae","Eudalaca","Eudalaca leucocyma"
"1253","Animalia","Arthropoda","Insecta","Lepidoptera","Lycaenidae","",""
"1254","Animalia","Arthropoda","Insecta","Lepidoptera","Geometridae","Scopula","Scopula sublobata"
"1255","Animalia","Arthropoda","Insecta","Lepidoptera","Erebidae","Grammodes","Grammodes monodonta"
"1256","Animalia","Arthropoda","Insecta","Lepidoptera","Lycaenidae","Aloeides","Aloeides gowani"
"1257","Animalia","Arthropoda","Insecta","Lepidoptera","Lycaenidae","Aloeides","Aloeides nollothi"
"1258","Animalia","Arthropoda","Insecta","Lepidoptera","Sphingidae","Odontosida","Odontosida pusillus"
"1259","Animalia","Arthropoda","Insecta","Lepidoptera","Lasiocampidae","Beralade","Beralade jordani"
"1260","Animalia","Arthropoda","Insecta","Lepidoptera","Geometridae","Isturgia","Isturgia deerraria"
"1261","Animalia","Arthropoda","Insecta","Lepidoptera","Nymphalidae","Sallya","Sallya natalensis"
"1262","Animalia","Arthropoda","Insecta","Lepidoptera","Crambidae","Ptychopseustis","Ptychopseustis sharporum"
"1263","Animalia","Arthropoda","Insecta","Lepidoptera","Erebidae","Ulotrichopus","Ulotrichopus primulina"
"1264","Animalia","Arthropoda","Insecta","Lepidoptera","Nymphalidae","Acraea","Telchinia alalonga"
"1265","Animalia","Arthropoda","Insecta","Lepidoptera","Geometridae","Hypotephrina","Hypotephrina serrimargo"
"1266","Animalia","Arthropoda","Insecta","Lepidoptera","Geometridae","Victoria","Victoria albipicta"
"1267","Animalia","Arthropoda","Insecta","Lepidoptera","Euteliidae","Eutelia","Eutelia gilvicolor"
"1268","Animalia","Arthropoda","Insecta","Lepidoptera","Crambidae","Ancylolomia","Ancylolomia chrysographellus"
"1269","Animalia","Arthropoda","Insecta","Lepidoptera","Pyralidae","Flabellobasis","Flabellobasis capensis"
"1270","Animalia","Arthropoda","Insecta","Lepidoptera","Geometridae","Idaea","Idaea basicostalis"
"1271","Animalia","Arthropoda","Insecta","Lepidoptera","Lycaenidae","Baliochila","Baliochila aslanga"
"1272","Animalia","Arthropoda","Insecta","Lepidoptera","Noctuidae","Acontiola","Acontiola heliastis"
"1273","Animalia","Arthropoda","Insecta","Lepidoptera","Limacodidae","Sporetolepis","Sporetolepis platti"
"1274","Animalia","Arthropoda","Insecta","Lepidoptera","Sphingidae","Praedora","Praedora marshalli"
"1275","Animalia","Arthropoda","Insecta","Lepidoptera","Erebidae","Enargeiosia","Enargeiosia elegans"
"1276","Animalia","Arthropoda","Insecta","Lepidoptera","Eupterotidae","Poloma","Poloma castanea"
"1277","Animalia","Arthropoda","Insecta","Lepidoptera","Geometridae","Pingasa",""
"1278","Animalia","Arthropoda","Insecta","Lepidoptera","Noctuidae","Spodoptera","Spodoptera exigua"
"1279","Animalia","Arthropoda","Insecta","Lepidoptera","Hepialidae","Eudalaca",""
"1280","Animalia","Arthropoda","Insecta","Lepidoptera","Pieridae","",""
"1281","Animalia","Arthropoda","Insecta","Lepidoptera","Geometridae","Conchylia","Conchylia pactolaria"
"1282","Animalia","Arthropoda","Insecta","Lepidoptera","Nolidae","Nola",""
"1283","Animalia","Arthropoda","Insecta","Lepidoptera","Noctuidae","Mentaxya","Mentaxya indigna"
"1284","Animalia","Arthropoda","Insecta","Lepidoptera","Pterophoridae","",""
"1285","Animalia","Arthropoda","Insecta","Lepidoptera","Nolidae","Garella",""
"1286","Animalia","Arthropoda","Insecta","Lepidoptera","Pieridae","Dixeia",""
"1287","Animalia","Arthropoda","Insecta","Lepidoptera","Thyrididae","Rhodoneura",""
"1288","Animalia","Arthropoda","Insecta","Lepidoptera","Scythrididae","Eretmocera","Eretmocera laetissima"
"1289","Animalia","Arthropoda","Insecta","Lepidoptera","Geometridae","Prasinocyma","Prasinocyma pictifimbria"
"1290","Animalia","Arthropoda","Insecta","Lepidoptera","Geometridae","Mesocolpia","Mesocolpia lita"
"1291","Animalia","Arthropoda","Insecta","Lepidoptera","Erebidae","Hypena","Hypena tetrasticta"
"1292","Animalia","Arthropoda","Insecta","Lepidoptera","Noctuidae","Paracroria","Paracroria griseocincta"
"1293","Animalia","Arthropoda","Insecta","Lepidoptera","Lycaenidae","Poecilmitis","Poecilmitis irene"
"1294","Animalia","Arthropoda","Insecta","Lepidoptera","Saturniidae","Imbrasia",""
"1295","Animalia","Arthropoda","Insecta","Lepidoptera","Nymphalidae","Physcaeneura","Physcaeneura panda"
"1296","Animalia","Arthropoda","Insecta","Lepidoptera","Lycaenidae","Trimenia","Trimenia argyroplaga"
"1297","Animalia","Arthropoda","Insecta","Lepidoptera","Erebidae","Amata","Amata rendalli"
"1298","Animalia","Arthropoda","Insecta","Lepidoptera","Noctuidae","Spodoptera","Spodoptera littoralis"
"1299","Animalia","Arthropoda","Insecta","Lepidoptera","Noctuidae","Magusa","Magusa versicolora"
"1300","Animalia","Arthropoda","Insecta","Lepidoptera","Crambidae","Pyrausta","Pyrausta tetraplagalis"
"1301","Animalia","Arthropoda","Insecta","Lepidoptera","Geometridae","Plateoplia","Plateoplia acrobelia"
"1302","Animalia","Arthropoda","Insecta","Lepidoptera","Nolidae","Odontestis","Odontestis striata"
"1303","Animalia","Arthropoda","Insecta","Lepidoptera","Geometridae","Eulycia","Eulycia extorris"
"1304","Animalia","Arthropoda","Insecta","Lepidoptera","Erebidae","Bertula","Bertula inconspicua"
"1305","Animalia","Arthropoda","Insecta","Lepidoptera","Geometridae","Neromia","Neromia rubripunctilla"
"1306","Animalia","Arthropoda","Insecta","Lepidoptera","Erebidae","Ctenusa","Ctenusa pallida"
"1307","Animalia","Arthropoda","Insecta","Lepidoptera","Adelidae","Ceromitia","Ceromitia turpisella"
"1308","Animalia","Arthropoda","Insecta","Lepidoptera","Erebidae","Siccia","Siccia punctipennis"
"1309","Animalia","Arthropoda","Insecta","Lepidoptera","Geometridae","Cabera","Cabera elatina"
"1310","Animalia","Arthropoda","Insecta","Lepidoptera","Geometridae","Cabera","Cabera strigata"
"1311","Animalia","Arthropoda","Insecta","Lepidoptera","Noctuidae","Eublemma","Eublemma ceresensis"
"1312","Animalia","Arthropoda","Insecta","Lepidoptera","Erebidae","Prionofrontia","Prionofrontia erygidia"
"1313","Animalia","Arthropoda","Insecta","Lepidoptera","Geometridae","Collix","Collix foraminata"
"1314","Animalia","Arthropoda","Insecta","Lepidoptera","Geometridae","Lophorrhachia","Lophorrhachia rubricorpus"
"1315","Animalia","Arthropoda","Insecta","Lepidoptera","Saturniidae","Rohaniella","Rohaniella pygmaea"
"1316","Animalia","Arthropoda","Insecta","Lepidoptera","Nymphalidae","Antanartia","Antanartia hippomene"
"1317","Animalia","Arthropoda","Insecta","Lepidoptera","Geometridae","Mauna","Mauna ardescens"
"1318","Animalia","Arthropoda","Insecta","Lepidoptera","Geometridae","Scopula","Scopula minorata"
"1319","Animalia","Arthropoda","Insecta","Lepidoptera","Geometridae","Pitthea","Pitthea trifasciata"
"1320","Animalia","Arthropoda","Insecta","Lepidoptera","Noctuidae","Acontia","Acontia porphyrea"
"1321","Animalia","Arthropoda","Insecta","Lepidoptera","Geometridae","Traminda","Traminda falcata"
"1322","Animalia","Arthropoda","Insecta","Lepidoptera","Erebidae","Lacipa","Lacipa sexpunctata"
"1323","Animalia","Arthropoda","Insecta","Lepidoptera","Pyralidae","Trachypteryx","Trachypteryx magella"
"1324","Animalia","Arthropoda","Insecta","Lepidoptera","Noctuidae","Eublemma","Eublemma exigua"
"1325","Animalia","Arthropoda","Insecta","Lepidoptera","Noctuidae","Chytonix","Chytonix melanochlora"
"1326","Animalia","Arthropoda","Insecta","Lepidoptera","Noctuidae","Ozarba","Ozarba corniculans"
"1327","Animalia","Arthropoda","Insecta","Lepidoptera","Erebidae","Hypopyra","Hypopyra carneotincta"
"1328","Animalia","Arthropoda","Insecta","Lepidoptera","Notodontidae","Atrasana","Atrasana postica"
"1329","Animalia","Arthropoda","Insecta","Lepidoptera","Geometridae","Idaea","Idaea malescripta"
"1330","Animalia","Arthropoda","Insecta","Lepidoptera","Geometridae","Aspilatopsis","Aspilatopsis orthobates"
"1331","Animalia","Arthropoda","Insecta","Lepidoptera","Euteliidae","Eutelia","Eutelia operatrix"
"1332","Animalia","Arthropoda","Insecta","Lepidoptera","Erebidae","Parainesis","Parainesis restricta"
"1333","Animalia","Arthropoda","Insecta","Lepidoptera","Erebidae","Audea","Audea blochwitzi"
"1334","Animalia","Arthropoda","Insecta","Lepidoptera","Erebidae","Argina","Alytarchia amanda"
"1335","Animalia","Arthropoda","Insecta","Lepidoptera","Noctuidae","Mentaxya","Mentaxya muscosa"
"1336","Animalia","Arthropoda","Insecta","Lepidoptera","Lycaenidae","Chrysoritis","Chrysoritis zonarius"
"1337","Animalia","Arthropoda","Insecta","Lepidoptera","Erebidae","Zebeeba","Zebeeba meceneronis"
"1338","Animalia","Arthropoda","Insecta","Lepidoptera","Pyralidae","Sematoneura","Sematoneura africana"
"1339","Animalia","Arthropoda","Insecta","Lepidoptera","Sphingidae","Temnora","Temnora pseudopylas"
"1340","Animalia","Arthropoda","Insecta","Lepidoptera","Metarbelidae","Salagena","Salagena tessellata"
"1341","Animalia","Arthropoda","Insecta","Lepidoptera","Tortricidae","Zellereccopsis","Zellereccopsis caffreana"
"1342","Animalia","Arthropoda","Insecta","Lepidoptera","Hesperiidae","Moltena","Moltena fiara"
"1343","Animalia","Arthropoda","Insecta","Lepidoptera","Lasiocampidae","Streblote","Streblote uniforme"
"1344","Animalia","Arthropoda","Insecta","Lepidoptera","Limacodidae","Halseyia","Halseyia biumbrata"
"1345","Animalia","Arthropoda","Insecta","Lepidoptera","Crambidae","Cryptographis","Cryptographis elealis"
"1346","Animalia","Arthropoda","Insecta","Lepidoptera","Noctuidae","Neogalea","Neogalea sunia"
"1347","Animalia","Arthropoda","Insecta","Lepidoptera","Notodontidae","Desmeocraera","Desmeocraera nugatrix"
"1348","Animalia","Arthropoda","Insecta","Lepidoptera","Geometridae","Ligdia","Ligdia interrupta"
"1349","Animalia","Arthropoda","Insecta","Lepidoptera","Pyralidae","Loryma","Loryma sentiusalis"
"1350","Animalia","Arthropoda","Insecta","Lepidoptera","Hesperiidae","Sarangesa","Sarangesa motozi"
"1351","Animalia","Arthropoda","Insecta","Lepidoptera","Erebidae","Birketsmithiola","Birketsmithiola sanguicosta"
"1352","Animalia","Arthropoda","Insecta","Lepidoptera","Saturniidae","Pseudaphelia","Pseudaphelia apollinaris"
"1353","Animalia","Arthropoda","Insecta","Lepidoptera","Nolidae","Westermannia","Westermannia oediplaga"
"1354","Animalia","Arthropoda","Insecta","Lepidoptera","Lycaenidae","Lepidochrysops","Lepidochrysops trimeni"
"1355","Animalia","Arthropoda","Insecta","Lepidoptera","Noctuidae","Thysanoplusia","Thysanoplusia sestertia"
"1356","Animalia","Arthropoda","Insecta","Lepidoptera","Tortricidae","Crocidosema","Crocidosema plebejana"
"1357","Animalia","Arthropoda","Insecta","Lepidoptera","Erebidae","Lygephila","Lygephila salax"
"1358","Animalia","Arthropoda","Insecta","Lepidoptera","Crambidae","Ambia","Ambia chalcichroalis"
"1359","Animalia","Arthropoda","Insecta","Lepidoptera","Crambidae","Botyodes","Botyodes asialis"
"1360","Animalia","Arthropoda","Insecta","Lepidoptera","Zygaenidae","Neurosymploca","Neurosymploca affinis"
"1361","Animalia","Arthropoda","Insecta","Lepidoptera","Noctuidae","Metachrostis","Metachrostis anticalis"
"1362","Animalia","Arthropoda","Insecta","Lepidoptera","Geometridae","Panagropsis","Panagropsis equitaria"
"1363","Animalia","Arthropoda","Insecta","Lepidoptera","Sphingidae","Macropoliana","Macropoliana natalensis"
"1364","Animalia","Arthropoda","Insecta","Lepidoptera","Metarbelidae","Teragra","Teragra macroptera"
"1365","Animalia","Arthropoda","Insecta","Lepidoptera","Erebidae","Platyja","Platyja vacillans"
"1366","Animalia","Arthropoda","Insecta","Lepidoptera","Saturniidae","Nudaurelia","Nudaurelia gueinzii"
"1367","Animalia","Arthropoda","Insecta","Lepidoptera","Erebidae","Luceriola","Luceriola venata"
"1368","Animalia","Arthropoda","Insecta","Lepidoptera","Limacodidae","Crothaema","Crothaema decorata"
"1369","Animalia","Arthropoda","Insecta","Lepidoptera","Lycaenidae","Zeritis","Zeritis chrysantas"
"1370","Animalia","Arthropoda","Insecta","Lepidoptera","Geometridae","Axiodes","Axiodes insciata"
"1371","Animalia","Arthropoda","Insecta","Lepidoptera","Erebidae","Eudocima","Eudocima divitiosa"
"1372","Animalia","Arthropoda","Insecta","Lepidoptera","Geometridae","Conchyliodes","Conchyliodes distelitis"
"1373","Animalia","Arthropoda","Insecta","Lepidoptera","Erebidae","Ceryx","Ceryx toxotes"
"1374","Animalia","Arthropoda","Insecta","Lepidoptera","Lycaenidae","Aloeides","Aloeides vansoni"
"1375","Animalia","Arthropoda","Insecta","Lepidoptera","Erebidae","Tumicla","Tumicla tsonga"
"1376","Animalia","Arthropoda","Insecta","Lepidoptera","Limacodidae","Coenobasis","Coenobasis amoena"
"1377","Animalia","Arthropoda","Insecta","Lepidoptera","Geometridae","Gonanticlea","Gonanticlea meridionata"
"1378","Animalia","Arthropoda","Insecta","Lepidoptera","Geometridae","Orthonama","Orthonama obstipata"
"1379","Animalia","Arthropoda","Insecta","Lepidoptera","Geometridae","Hypotephrina","Hypotephrina exmotaria"
"1380","Animalia","Arthropoda","Insecta","Lepidoptera","Geometridae","Hypotephrina","Hypotephrina confertaria"
"1381","Animalia","Arthropoda","Insecta","Lepidoptera","Erebidae","Corgatha","Corgatha wojtusiaki"
"1382","Animalia","Arthropoda","Insecta","Lepidoptera","Noctuidae","Eublemma","Eublemma hemichiasma"
"1383","Animalia","Arthropoda","Insecta","Lepidoptera","Noctuidae","Ectochela","Ectochela canina"
"1384","Animalia","Arthropoda","Insecta","Lepidoptera","Pieridae","Dixeia","Dixeia doxo"
"1385","Animalia","Arthropoda","Insecta","Lepidoptera","Geometridae","Chiasmia","Chiasmia semitecta"
"1386","Animalia","Arthropoda","Insecta","Lepidoptera","Geometridae","Comostolopsis","Comostolopsis capensis"
"1387","Animalia","Arthropoda","Insecta","Lepidoptera","Gracillariidae","Caloptilia","Caloptilia octopunctata"
"1388","Animalia","Arthropoda","Insecta","Lepidoptera","Geometridae","Oaracta","Oaracta auricincta"
"1389","Animalia","Arthropoda","Insecta","Lepidoptera","Crambidae","Loxostege","Loxostege plumbatalis"
"1390","Animalia","Arthropoda","Insecta","Lepidoptera","Lycaenidae","Poecilmitis","Poecilmitis plutus"
"1391","Animalia","Arthropoda","Insecta","Lepidoptera","Noctuidae","Eublemma","Eublemma scitula"
"1392","Animalia","Arthropoda","Insecta","Lepidoptera","Geometridae","Scotopteryx","Scotopteryx nictitaria"
"1393","Animalia","Arthropoda","Insecta","Lepidoptera","Lycaenidae","Deudorix","Deudorix dinochares"
"1394","Animalia","Arthropoda","Insecta","Lepidoptera","Nymphalidae","Phalanta",""
"1395","Animalia","Arthropoda","Insecta","Lepidoptera","Erebidae","Tetracme","Tetracme truncataria"
"1396","Animalia","Arthropoda","Insecta","Lepidoptera","Noctuidae","Conicofrontia","Conicofrontia sesamoides"
"1397","Animalia","Arthropoda","Insecta","Lepidoptera","Noctuidae","Thysanoplusia","Thysanoplusia angulum"
"1398","Animalia","Arthropoda","Insecta","Lepidoptera","Lasiocampidae","Bombycopsis","Bombycopsis tephrobaphes"
"1399","Animalia","Arthropoda","Insecta","Lepidoptera","Geometridae","Neromia","Neromia rhodomadia"
"1400","Animalia","Arthropoda","Insecta","Lepidoptera","Metarbelidae","Metarbela","Metarbela albitorquata"
"1401","Animalia","Arthropoda","Insecta","Lepidoptera","Noctuidae","Pseudenargia","Pseudenargia viettei"
"1402","Animalia","Arthropoda","Insecta","Lepidoptera","Brahmaeidae","Spiramiopsis","Spiramiopsis comma"
"1403","Animalia","Arthropoda","Insecta","Lepidoptera","Geometridae","Mauna","Mauna pictifimbria"
"1404","Animalia","Arthropoda","Insecta","Lepidoptera","Gracillariidae","Callicercops","Callicercops triceros"
"1405","Animalia","Arthropoda","Insecta","Lepidoptera","Erebidae","Digama","Digama spilosoma"
"1406","Animalia","Arthropoda","Insecta","Lepidoptera","Noctuidae","Hoplotarache","Hoplotarache mionides"
"1407","Animalia","Arthropoda","Insecta","Lepidoptera","Geometridae","Omphax","Omphax bacoti"
"1408","Animalia","Arthropoda","Insecta","Lepidoptera","Erebidae","Calesia","Calesia xanthognatha"
"1409","Animalia","Arthropoda","Insecta","Lepidoptera","Noctuidae","Busseola","Busseola fusca"
"1410","Animalia","Arthropoda","Insecta","Lepidoptera","Nymphalidae","Polyura",""
"1411","Animalia","Arthropoda","Insecta","Lepidoptera","Geometridae","Omphalucha","Omphalucha crenulata"
"1412","Animalia","Arthropoda","Insecta","Lepidoptera","Geometridae","Eupithecia","Eupithecia inconclusaria"
"1413","Animalia","Arthropoda","Insecta","Lepidoptera","Crambidae","Diasemia","Diasemia disjectalis"
"1414","Animalia","Arthropoda","Insecta","Lepidoptera","Geometridae","Hypomecis","Hypomecis gonophora"
"1415","Animalia","Arthropoda","Insecta","Lepidoptera","Tortricidae","Trymalitis","Trymalitis scalifera"
"1416","Animalia","Arthropoda","Insecta","Lepidoptera","Erebidae","Hypena","Hypena senialis"
"1417","Animalia","Arthropoda","Insecta","Lepidoptera","Crambidae","Orphanostigma","Orphanostigma abruptalis"
"1418","Animalia","Arthropoda","Insecta","Lepidoptera","Noctuidae","Neostichtis","Neostichtis nigricostata"
"1419","Animalia","Arthropoda","Insecta","Lepidoptera","Noctuidae","Eublemma","Eublemma ecthaemata"
"1420","Animalia","Arthropoda","Insecta","Lepidoptera","Hesperiidae","Abantis","Abantis venosa"
"1421","Animalia","Arthropoda","Insecta","Lepidoptera","Hesperiidae","Coeliades","Coeliades forestan"
"1422","Animalia","Arthropoda","Insecta","Lepidoptera","Oecophoridae","Cnecophora",""
"1423","Animalia","Arthropoda","Insecta","Lepidoptera","Lycaenidae","Aloeides","Aloeides depicta"
"1424","Animalia","Arthropoda","Insecta","Lepidoptera","Limacodidae","Parasa","Parasa gemmans"
"1425","Animalia","Arthropoda","Insecta","Lepidoptera","Erebidae","Aroa","Aroa difficilis"
"1426","Animalia","Arthropoda","Insecta","Lepidoptera","Geometridae","Scopula","Scopula internata"
"1427","Animalia","Arthropoda","Insecta","Lepidoptera","Erebidae","Fodina","Fodina embolophora"
"1428","Animalia","Arthropoda","Insecta","Lepidoptera","Crambidae","Salbia","Salbia haemorrhoidalis"
"1429","Animalia","Arthropoda","Insecta","Lepidoptera","Geometridae","Isturgia","Isturgia exerraria"
"1430","Animalia","Arthropoda","Insecta","Lepidoptera","Lycaenidae","Stugeta","Stugeta subinfuscata"
"1431","Animalia","Arthropoda","Insecta","Lepidoptera","Geometridae","Eupithecia","Eupithecia rubiginifera"
"1432","Animalia","Arthropoda","Insecta","Lepidoptera","Geometridae","Oedicentra","Oedicentra albipennis"
"1433","Animalia","Arthropoda","Insecta","Lepidoptera","Hesperiidae","Platylesches","Platylesches robustus"
"1434","Animalia","Arthropoda","Insecta","Lepidoptera","Lycaenidae","Anthene","Anthene lindae"
"1435","Animalia","Arthropoda","Insecta","Lepidoptera","Nymphalidae","Charaxes","Charaxes guderiana"
"1436","Animalia","Arthropoda","Insecta","Lepidoptera","Nymphalidae","Dira","Dira jansei"
"1437","Animalia","Arthropoda","Insecta","Lepidoptera","Nymphalidae","Chloropoea","Chloropoea eurytus"
"1438","Animalia","Arthropoda","Insecta","Lepidoptera","Sesiidae","Cabomina","Cabomina hilariformis"
"1439","Animalia","Arthropoda","Insecta","Lepidoptera","Erebidae","Ilemodes","Ilemodes heterogyna"
"1440","Animalia","Arthropoda","Insecta","Lepidoptera","Erebidae","Auchenisa","Auchenisa roseotincta"
"1441","Animalia","Arthropoda","Insecta","Lepidoptera","Noctuidae","Aedia","Aedia virescens"
"1442","Animalia","Arthropoda","Insecta","Lepidoptera","Crambidae","Melouia","Melouia krooni"
"1443","Animalia","Arthropoda","Insecta","Lepidoptera","Erebidae","Digama","Digama aganais"
"1444","Animalia","Arthropoda","Insecta","Lepidoptera","Hesperiidae","Pelopidas","Pelopidas mathias"
"1445","Animalia","Arthropoda","Insecta","Lepidoptera","Nymphalidae","Charaxes","Charaxes etesipe"
"1446","Animalia","Arthropoda","Insecta","Lepidoptera","Crambidae","Euchromius","Euchromius ocellea"
"1447","Animalia","Arthropoda","Insecta","Lepidoptera","Erebidae","Plecoptera","Plecoptera melalepis"
"1448","Animalia","Arthropoda","Insecta","Lepidoptera","Geometridae","Obolcola","Obolcola decisa"
"1449","Animalia","Arthropoda","Insecta","Lepidoptera","Geometridae","Hypochrosis","Hypochrosis meridionalis"
"1450","Animalia","Arthropoda","Insecta","Lepidoptera","Tortricidae","Choristoneura","Choristoneura heliaspis"
"1451","Animalia","Arthropoda","Insecta","Lepidoptera","Notodontidae","Notocerura","Notocerura spiritalis"
"1452","Animalia","Arthropoda","Insecta","Lepidoptera","Noctuidae","Acontia","Acontia tetragonisa"
"1453","Animalia","Arthropoda","Insecta","Lepidoptera","Noctuidae","Cautatha","Cautatha drepanodes"
"1454","Animalia","Arthropoda","Insecta","Lepidoptera","Crambidae","Bocchoris","Bocchoris nuclealis"
"1455","Animalia","Arthropoda","Insecta","Lepidoptera","Erebidae","Didymonyx","Didymonyx infumata"
"1456","Animalia","Arthropoda","Insecta","Lepidoptera","Erebidae","Euproctis",""
"1457","Animalia","Arthropoda","Insecta","Lepidoptera","Crambidae","Terastia",""
"1458","Animalia","Arthropoda","Insecta","Lepidoptera","Thyrididae","Dysodia","Dysodia antennata"
"1459","Animalia","Arthropoda","Insecta","Lepidoptera","Geometridae","Euphyia","Euphyia distinctata"
"1460","Animalia","Arthropoda","Insecta","Lepidoptera","Erebidae","Galtara","Galtara pulverata"
"1461","Animalia","Arthropoda","Insecta","Lepidoptera","Nolidae","Pardasena","Pardasena virgulana"
"1462","Animalia","Arthropoda","Insecta","Lepidoptera","Peleopodidae","Odites","Odites sucinea"
"1463","Animalia","Arthropoda","Insecta","Lepidoptera","Choreutidae","Anthophila","Anthophila dryodora"
"1464","Animalia","Arthropoda","Insecta","Lepidoptera","Noctuidae","Conservula","Conservula cinisigna"
"1465","Animalia","Arthropoda","Insecta","Lepidoptera","Erebidae","Pinacia","Pinacia gigantalis"
"1466","Animalia","Arthropoda","Insecta","Lepidoptera","Depressariidae","Cryptolechia","Cryptolechia ammopleura"
"1467","Animalia","Arthropoda","Insecta","Lepidoptera","Lacturidae","Gymnogramma","Gymnogramma pyrozancla"
"1468","Animalia","Arthropoda","Insecta","Lepidoptera","Geometridae","Mimoclystia","Mimoclystia pudicata"
"1469","Animalia","Arthropoda","Insecta","Lepidoptera","Geometridae","Thalassodes","Thalassodes quadraria"
"1470","Animalia","Arthropoda","Insecta","Lepidoptera","Geometridae","Metallochlora","Metallochlora grisea"
"1471","Animalia","Arthropoda","Insecta","Lepidoptera","Sphingidae","Nephele","Nephele peneus"
"1472","Animalia","Arthropoda","Insecta","Lepidoptera","Crambidae","Glyphodes","Glyphodes sycina"
"1473","Animalia","Arthropoda","Insecta","Lepidoptera","Geometridae","Chiasmia","Chiasmia brongusaria"
"1474","Animalia","Arthropoda","Insecta","Lepidoptera","Noctuidae","Heliothis","Heliothis peltigera"
"1475","Animalia","Arthropoda","Insecta","Lepidoptera","Geometridae","Microligia","Microligia pseudodolosa"
"1476","Animalia","Arthropoda","Insecta","Lepidoptera","Nolidae","Pardasena","Pardasena roeselioides"
"1477","Animalia","Arthropoda","Insecta","Lepidoptera","Hepialidae","Eudalaca","Eudalaca homoterma"
"1478","Animalia","Arthropoda","Insecta","Lepidoptera","Crambidae","Cynaeda","Cynaeda distictalis"
"1479","Animalia","Arthropoda","Insecta","Lepidoptera","Nymphalidae","Antanartia","Antanartia dimorphica"
"1480","Animalia","Arthropoda","Insecta","Lepidoptera","Geometridae","Pseudolarentia","Pseudolarentia megalaria"
"1481","Animalia","Arthropoda","Insecta","Lepidoptera","Crambidae","Lygropia","Lygropia tetraspilalis"
"1482","Animalia","Arthropoda","Insecta","Lepidoptera","Erebidae","Amata","Amata pseudosimplex"
"1483","Animalia","Arthropoda","Insecta","Lepidoptera","Lycaenidae","Lepidochrysops","Lepidochrysops frederikeae"
"1484","Animalia","Arthropoda","Insecta","Lepidoptera","Nolidae","Paranola","Paranola bipartita"
"1485","Animalia","Arthropoda","Insecta","Lepidoptera","Crambidae","Aethaloessa","Aethaloessa floridalis"
"1486","Animalia","Arthropoda","Insecta","Lepidoptera","Erebidae","Hypenodes","Hypenodes nigricolora"
"1487","Animalia","Arthropoda","Insecta","Lepidoptera","Noctuidae","Leucotrachea","Leucotrachea leucomelanica"
"1488","Animalia","Arthropoda","Insecta","Lepidoptera","Noctuidae","Anedhella","Anedhella interrupta"
"1489","Animalia","Arthropoda","Insecta","Lepidoptera","Lycaenidae","Poecilmitis","Poecilmitis pelion"
"1490","Animalia","Arthropoda","Insecta","Lepidoptera","Crambidae","Ulopeza","Ulopeza conigeralis"
"1491","Animalia","Arthropoda","Insecta","Lepidoptera","Geometridae","Eulycia","Eulycia grisea"
"1492","Animalia","Arthropoda","Insecta","Lepidoptera","Stathmopodidae","Stathmopoda","Stathmopoda maculata"
"1493","Animalia","Arthropoda","Insecta","Lepidoptera","Hesperiidae","Alenia","Alenia namaqua"
"1494","Animalia","Arthropoda","Insecta","Lepidoptera","Noctuidae","Eublemma","Eublemma decora"
"1495","Animalia","Arthropoda","Insecta","Lepidoptera","Sphingidae","Odontosida","Odontosida magnificum"
"1496","Animalia","Arthropoda","Insecta","Lepidoptera","Erebidae","Bareia","Bareia incidens"
"1497","Animalia","Arthropoda","Insecta","Lepidoptera","Lycaenidae","Aloeides","Aloeides margaretae"
"1498","Animalia","Arthropoda","Insecta","Lepidoptera","Crambidae","Conotalis","Conotalis nigrisquamalis"
"1499","Animalia","Arthropoda","Insecta","Lepidoptera","Crambidae","Autocharis","Autocharis albiplaga"
"1500","Animalia","Arthropoda","Insecta","Lepidoptera","Euteliidae","Eutelia","Eutelia albidisca"
"1501","Animalia","Arthropoda","Insecta","Lepidoptera","Lycaenidae","Orachrysops",""
"1502","Animalia","Arthropoda","Insecta","Lepidoptera","Erebidae","Cyana","Cyana rejecta"
"1503","Animalia","Arthropoda","Insecta","Lepidoptera","Limacodidae","Taeda","Taeda pusilla"
"1504","Animalia","Arthropoda","Insecta","Lepidoptera","Lycaenidae","Harpendyreus","Harpendyreus tsomo"
"1505","Animalia","Arthropoda","Insecta","Lepidoptera","Nymphalidae","Dingana","Dingana angusta"
"1506","Animalia","Arthropoda","Insecta","Lepidoptera","Noctuidae","Callopistria","Callopistria maillardi"
"1507","Animalia","Arthropoda","Insecta","Lepidoptera","Erebidae","Oraesia","Oraesia provocans"
"1508","Animalia","Arthropoda","Insecta","Lepidoptera","Zygaenidae","Neurosymploca","Neurosymploca concinna"
"1509","Animalia","Arthropoda","Insecta","Lepidoptera","Geometridae","Coenina","Coenina dentataria"
"1510","Animalia","Arthropoda","Insecta","Lepidoptera","Crambidae","Paschiodes","Paschiodes mesoleucalis"
"1511","Animalia","Arthropoda","Insecta","Lepidoptera","Geometridae","Lasiochlora","Lasiochlora diducta"
"1512","Animalia","Arthropoda","Insecta","Lepidoptera","Crambidae","Palpita","Palpita metallata"
"1513","Animalia","Arthropoda","Insecta","Lepidoptera","Lycaenidae","Actizera","Actizera stellata"
"1514","Animalia","Arthropoda","Insecta","Lepidoptera","Geometridae","Hebdomophruda","Hebdomophruda sculpta"
"1515","Animalia","Arthropoda","Insecta","Lepidoptera","Geometridae","Antharmostes","Antharmostes papilio"
"1516","Animalia","Arthropoda","Insecta","Lepidoptera","Lycaenidae","Tarucus","Tarucus bowkeri"
"1517","Animalia","Arthropoda","Insecta","Lepidoptera","Pyralidae","Anobostra","Anobostra varians"
"1518","Animalia","Arthropoda","Insecta","Lepidoptera","Gracillariidae","Phodoryctis","Phodoryctis caerulea"
"1519","Animalia","Arthropoda","Insecta","Lepidoptera","Lycaenidae","Chrysoritis","Chrysoritis pyroeis"
"1520","Animalia","Arthropoda","Insecta","Lepidoptera","Scythrididae","Eretmocera","Eretmocera impactella"
"1521","Animalia","Arthropoda","Insecta","Lepidoptera","Sphingidae","Theretra","Theretra orpheus"
"1522","Animalia","Arthropoda","Insecta","Lepidoptera","Noctuidae","Cryphia","Cryphia leucomelaena"
"1523","Animalia","Arthropoda","Insecta","Lepidoptera","Noctuidae","Callopistria","Callopistria latreillei"
"1524","Animalia","Arthropoda","Insecta","Lepidoptera","Noctuidae","Honeyia","Honeyia clearchus"
"1525","Animalia","Arthropoda","Insecta","Lepidoptera","Nolidae","Leocyma","Leocyma appollinis"
"1526","Animalia","Arthropoda","Insecta","Lepidoptera","Notodontidae","Rhenea","Rhenea mediata"
"1527","Animalia","Arthropoda","Insecta","Lepidoptera","Nymphalidae","Charaxes","Charaxes achaemenes"
"1528","Animalia","Arthropoda","Insecta","Lepidoptera","Geometridae","Conchylia","Conchylia nitidula"
"1529","Animalia","Arthropoda","Insecta","Lepidoptera","Geometridae","Somatina","Somatina centrophora"
"1530","Animalia","Arthropoda","Insecta","Lepidoptera","Nolidae","Lophocrama","Lophocrama phoenicochlora"
"1531","Animalia","Arthropoda","Insecta","Lepidoptera","Psychidae","Eumeta","Eumeta hardenbergi"
"1532","Animalia","Arthropoda","Insecta","Lepidoptera","Noctuidae","Eublemma","Eublemma costimacula"
"1533","Animalia","Arthropoda","Insecta","Lepidoptera","Limacodidae","Latoia","Latoia intermissa"
"1534","Animalia","Arthropoda","Insecta","Lepidoptera","Noctuidae","Eublemma","Eublemma mesophaea"
"1535","Animalia","Arthropoda","Insecta","Lepidoptera","Hesperiidae","Coeliades","Coeliades libeon"
"1536","Animalia","Arthropoda","Insecta","Lepidoptera","Pieridae","Colotis","Colotis subfasciatus"
"1537","Animalia","Arthropoda","Insecta","Lepidoptera","Erebidae","Oglasa","Oglasa nana"
"1538","Animalia","Arthropoda","Insecta","Lepidoptera","Geometridae","Chiasmia",""
"1539","Animalia","Arthropoda","Insecta","Lepidoptera","Erebidae","Anoba","Anoba hamifera"
"1540","Animalia","Arthropoda","Insecta","Lepidoptera","Geometridae","Zamarada",""
"1541","Animalia","Arthropoda","Insecta","Lepidoptera","Uraniidae","Epiplema","Epiplema reducta"
"1542","Animalia","Arthropoda","Insecta","Lepidoptera","Lycaenidae","Harpendyreus","Harpendyreus notoba"
"1543","Animalia","Arthropoda","Insecta","Lepidoptera","Erebidae","Parallelia","Parallelia triplocyma"
"1544","Animalia","Arthropoda","Insecta","Lepidoptera","Crambidae","Herpetogramma","Herpetogramma licarsisalis"
"1545","Animalia","Arthropoda","Insecta","Lepidoptera","Crambidae","Eurrhyparodes","Eurrhyparodes bracteolalis"
"1546","Animalia","Arthropoda","Insecta","Lepidoptera","Crambidae","Pycnarmon","Pycnarmon cribrata"
"1547","Animalia","Arthropoda","Insecta","Lepidoptera","Pieridae","Mylothris","Mylothris trimenia"
"1548","Animalia","Arthropoda","Insecta","Lepidoptera","Euteliidae","Eutelia","Eutelia amatrix"
"1549","Animalia","Arthropoda","Insecta","Lepidoptera","Crambidae","Pygospila","Pygospila tyres"
"1550","Animalia","Arthropoda","Insecta","Lepidoptera","Hesperiidae","Borbo","Borbo borbonica"
"1551","Animalia","Arthropoda","Insecta","Lepidoptera","Crambidae","Cnaphalocrocis","Cnaphalocrocis poeyalis"
"1552","Animalia","Arthropoda","Insecta","Lepidoptera","Crambidae","Cnaphalocrocis","Cnaphalocrocis trebiusalis"
"1553","Animalia","Arthropoda","Insecta","Lepidoptera","Limacodidae","Hamartia","Hamartia medora"
"1554","Animalia","Arthropoda","Insecta","Lepidoptera","Crambidae","Isocentris","Isocentris charopalis"
"1555","Animalia","Arthropoda","Insecta","Lepidoptera","Crambidae","Filodes","Filodes costivitralis"
"1556","Animalia","Arthropoda","Insecta","Lepidoptera","Hesperiidae","Borbo","Borbo fallax"
"1557","Animalia","Arthropoda","Insecta","Lepidoptera","Crambidae","Chalcidoptera","Chalcidoptera rufilinealis"
"1558","Animalia","Arthropoda","Insecta","Lepidoptera","Tortricidae","Eccopsis","Eccopsis incultana"
"1559","Animalia","Arthropoda","Insecta","Lepidoptera","Pieridae","Eurema",""
"1560","Animalia","Arthropoda","Insecta","Lepidoptera","Nolidae","Risoba","Risoba diplogramma"
"1561","Animalia","Arthropoda","Insecta","Lepidoptera","Sphingidae","Leucostrophus","Leucostrophus alterhirundo"
"1562","Animalia","Arthropoda","Insecta","Lepidoptera","Noctuidae","Acontia","Acontia natalis"
"1563","Animalia","Arthropoda","Insecta","Lepidoptera","Noctuidae","Ozarba","Ozarba orthozona"
"1564","Animalia","Arthropoda","Insecta","Lepidoptera","Erebidae","Estigmene","Estigmene trivitta"
"1565","Animalia","Arthropoda","Insecta","Lepidoptera","Erebidae","Maxera",""
"1566","Animalia","Arthropoda","Insecta","Lepidoptera","Sphingidae","Xanthopan","Xanthopan morganii"
"1567","Animalia","Arthropoda","Insecta","Lepidoptera","Geometridae","Aphilopota","Aphilopota patulata"
"1568","Animalia","Arthropoda","Insecta","Lepidoptera","Nymphalidae","Neptis","Neptis jordani"
"1569","Animalia","Arthropoda","Insecta","Lepidoptera","Papilionidae","Papilio","Papilio euphranor"
"1570","Animalia","Arthropoda","Insecta","Lepidoptera","Nymphalidae","Coenyra","Coenyra hebe"
"1571","Animalia","Arthropoda","Insecta","Lepidoptera","Hesperiidae","Borbo","Borbo ferruginea"
"1572","Animalia","Arthropoda","Insecta","Lepidoptera","Euteliidae","Eutelia","Eutelia mima"
"1573","Animalia","Arthropoda","Insecta","Lepidoptera","Geometridae","Chlorosterrha","Chlorosterrha monochroma"
"1574","Animalia","Arthropoda","Insecta","Lepidoptera","Pieridae","Glutophrissa","Glutophrissa sabina"
"1575","Animalia","Arthropoda","Insecta","Lepidoptera","Sphingidae","Basiothia","Basiothia charis"
"1576","Animalia","Arthropoda","Insecta","Lepidoptera","Nymphalidae","Acraea","Acraea boopis"
"1577","Animalia","Arthropoda","Insecta","Lepidoptera","Lycaenidae","Lepidochrysops",""
"1578","Animalia","Arthropoda","Insecta","Lepidoptera","Lycaenidae","Deudorix","Deudorix dariaves"
"1579","Animalia","Arthropoda","Insecta","Lepidoptera","Hesperiidae","Calleagris","Calleagris krooni"
"1580","Animalia","Arthropoda","Insecta","Lepidoptera","Erebidae","Eugoa","Eugoa africana"
"1581","Animalia","Arthropoda","Insecta","Lepidoptera","Pyralidae","Endotricha","Endotricha erythralis"
"1582","Animalia","Arthropoda","Insecta","Lepidoptera","Geometridae","Cleora","Cleora nigrisparsalis"
"1583","Animalia","Arthropoda","Insecta","Lepidoptera","Lycaenidae","Deudorix","Deudorix diocles"
"1584","Animalia","Arthropoda","Insecta","Lepidoptera","Hesperiidae","Borbo","Borbo micans"
"1585","Animalia","Arthropoda","Insecta","Lepidoptera","Erebidae","Entomogramma","Entomogramma pardus"
"1586","Animalia","Arthropoda","Insecta","Lepidoptera","Lycaenidae","Lepidochrysops","Lepidochrysops methymna"
"1587","Animalia","Arthropoda","Insecta","Lepidoptera","Lasiocampidae","Streblote","Streblote capensis"
"1588","Animalia","Arthropoda","Insecta","Lepidoptera","Hesperiidae","Pelopidas",""
"1589","Animalia","Arthropoda","Insecta","Lepidoptera","Noctuidae","Athetis","Athetis leuconephra"
"1590","Animalia","Arthropoda","Insecta","Lepidoptera","Nymphalidae","Dira","Dira oxylus"
"1591","Animalia","Arthropoda","Insecta","Lepidoptera","Geometridae","Pseudomaenas","Pseudomaenas leucograpta"
"1592","Animalia","Arthropoda","Insecta","Lepidoptera","Nymphalidae","Torynesis","Torynesis hawequas"
"1593","Animalia","Arthropoda","Insecta","Lepidoptera","Nymphalidae","Cassionympha",""
"1594","Animalia","Arthropoda","Insecta","Lepidoptera","Geometridae","Traminda","Traminda ocellata"
"1595","Animalia","Arthropoda","Insecta","Lepidoptera","Hesperiidae","Gegenes","Gegenes pumilio"
"1596","Animalia","Arthropoda","Insecta","Lepidoptera","Pieridae","Colotis",""
"1597","Animalia","Arthropoda","Insecta","Lepidoptera","Pyralidae","Parthenodes",""
"1598","Animalia","Arthropoda","Insecta","Lepidoptera","","",""
"1599","Animalia","Arthropoda","Insecta","Lepidoptera","Nymphalidae","Salamis","Salamis anacardii"
"1600","Animalia","Arthropoda","Insecta","Lepidoptera","Noctuidae","Pseudenargia","Callixena versicolora"
"1601","Animalia","Arthropoda","Insecta","Lepidoptera","Noctuidae","",""
"1602","Animalia","Arthropoda","Insecta","Lepidoptera","Nymphalidae","Torynesis",""
"1603","Animalia","Arthropoda","Insecta","Lepidoptera","Crambidae","Cadarena","Cadarena pudoraria"
"1604","Animalia","Arthropoda","Insecta","Lepidoptera","Pieridae","Nepheronia","Nepheronia thalassina"
"1605","Animalia","Arthropoda","Insecta","Lepidoptera","Erebidae","Hypena","Hypena conscitalis"
"1606","Animalia","Arthropoda","Insecta","Lepidoptera","Nymphalidae","Sevenia","Sevenia morantii"
"1607","Animalia","Arthropoda","Insecta","Lepidoptera","Lycaenidae","Orachrysops","Orachrysops mijburghi"
"1608","Animalia","Arthropoda","Insecta","Lepidoptera","Erebidae","Audea","Audea fatilega"
"1609","Animalia","Arthropoda","Insecta","Lepidoptera","Notodontidae","Desmeocraera","Desmeocraera latex"
"1610","Animalia","Arthropoda","Insecta","Lepidoptera","Hesperiidae","Calleagris","Calleagris kobela"
"1611","Animalia","Arthropoda","Insecta","Lepidoptera","Lycaenidae","Lepidochrysops","Lepidochrysops puncticilia"
"1612","Animalia","Arthropoda","Insecta","Lepidoptera","Lycaenidae","Epamera","Epamera sidus"
"1613","Animalia","Arthropoda","Insecta","Lepidoptera","Papilionidae","Papilio","Papilio constantinus"
"1614","Animalia","Arthropoda","Insecta","Lepidoptera","Geometridae","Prasinocyma","Prasinocyma immaculata"
"1615","Animalia","Arthropoda","Insecta","Lepidoptera","Hesperiidae","Ernsta","Ernsta confusa"
"1616","Animalia","Arthropoda","Insecta","Lepidoptera","Geometridae","Disclisioprocta","Disclisioprocta natalata"
"1617","Animalia","Arthropoda","Insecta","Lepidoptera","Geometridae","Scopula","Scopula lactaria"
"1618","Animalia","Arthropoda","Insecta","Lepidoptera","Hesperiidae","Platylesches","Platylesches galesa"
"1619","Animalia","Arthropoda","Insecta","Lepidoptera","Lycaenidae","Argiolaus","Argiolaus trimeni"
"1620","Animalia","Arthropoda","Insecta","Lepidoptera","Erebidae","Parallelia","Parallelia abnegans"
"1621","Animalia","Arthropoda","Insecta","Lepidoptera","Nymphalidae","Pseudonympha",""
"1622","Animalia","Arthropoda","Insecta","Lepidoptera","Pyralidae","Lorymodes","Lorymodes digonialis"
"1623","Animalia","Arthropoda","Insecta","Lepidoptera","Lycaenidae","Lachnocnema",""
"1624","Animalia","Arthropoda","Insecta","Lepidoptera","Erebidae","Cortyta","Cortyta phaeocyma"
"1625","Animalia","Arthropoda","Insecta","Lepidoptera","Nymphalidae","Charaxes","Charaxes viola"
"1626","Animalia","Arthropoda","Insecta","Lepidoptera","Lycaenidae","Chrysoritis","Chrysoritis turneri"
"1627","Animalia","Arthropoda","Insecta","Lepidoptera","Pyralidae","Macalla","Macalla ignezonalis"
"1628","Animalia","Arthropoda","Insecta","Lepidoptera","Geometridae","Argyrographa","Argyrographa moderata"
"1629","Animalia","Arthropoda","Insecta","Lepidoptera","Lycaenidae","Axiocerses","Axiocerses amanga"
"1630","Animalia","Arthropoda","Insecta","Lepidoptera","Zygaenidae","Praezygaena","Praezygaena ochroptera"
"1631","Animalia","Arthropoda","Insecta","Lepidoptera","Lycaenidae","Zeritis","Zeritis lyncurium"
"1632","Animalia","Arthropoda","Insecta","Lepidoptera","Saturniidae","Nudaurelia","Nudaurelia bubo"
"1633","Animalia","Arthropoda","Insecta","Lepidoptera","Hesperiidae","Sarangesa","Sarangesa ruona"
"1634","Animalia","Arthropoda","Insecta","Lepidoptera","Lycaenidae","Phasis","Phasis braueri"
"1635","Animalia","Arthropoda","Insecta","Lepidoptera","Nymphalidae","Stygionympha","Stygionympha geraldi"
"1636","Animalia","Arthropoda","Insecta","Lepidoptera","Lycaenidae","Crudaria","Crudaria capensis"
"1637","Animalia","Arthropoda","Insecta","Lepidoptera","Lycaenidae","Lepidochrysops","Lepidochrysops braueri"
"1638","Animalia","Arthropoda","Insecta","Lepidoptera","Geometridae","Luashia","Luashia zonata"
"1639","Animalia","Arthropoda","Insecta","Lepidoptera","Lycaenidae","Anthene","Anthene talboti"
"1640","Animalia","Arthropoda","Insecta","Lepidoptera","Nymphalidae","Tarsocera","Tarsocera fulvina"
"1641","Animalia","Arthropoda","Insecta","Lepidoptera","Geometridae","Epigynopteryx","Epigynopteryx ommatoclesis"
"1642","Animalia","Arthropoda","Insecta","Lepidoptera","Noctuidae","Eublemma","Eublemma baccatrix"
"1643","Animalia","Arthropoda","Insecta","Lepidoptera","Lycaenidae","Iolaus","Iolaus alienus"
"1644","Animalia","Arthropoda","Insecta","Lepidoptera","Lycaenidae","Axiocerses","Axiocerses coalescens"
"1645","Animalia","Arthropoda","Insecta","Lepidoptera","Lycaenidae","Lepidochrysops","Lepidochrysops asteris"
"1646","Animalia","Arthropoda","Insecta","Lepidoptera","Nymphalidae","Amauris",""
"1647","Animalia","Arthropoda","Insecta","Lepidoptera","Nymphalidae","Mycalesis","Mycalesis ena"
"1648","Animalia","Arthropoda","Insecta","Lepidoptera","Erebidae","Teracotona","Teracotona metaxantha"
"1649","Animalia","Arthropoda","Insecta","Lepidoptera","Noctuidae","Deltote","Deltote johnjoannoui"
"1650","Animalia","Arthropoda","Insecta","Lepidoptera","Nymphalidae","Ypthima",""
"1651","Animalia","Arthropoda","Insecta","Lepidoptera","Nymphalidae","Charaxes","Charaxes druceanus"
"1652","Animalia","Arthropoda","Insecta","Lepidoptera","Nymphalidae","Charaxes","Charaxes vansoni"
"1653","Animalia","Arthropoda","Insecta","Lepidoptera","Hesperiidae","Borbo","Borbo detecta"
"1654","Animalia","Arthropoda","Insecta","Lepidoptera","Tineidae","Ateliotum","Ateliotum crymodes"
"1655","Animalia","Arthropoda","Insecta","Lepidoptera","Nymphalidae","Hypolimnas","Hypolimnas deceptor"
"1656","Animalia","Arthropoda","Insecta","Lepidoptera","Nymphalidae","Sevenia",""
"1657","Animalia","Arthropoda","Insecta","Lepidoptera","Geometridae","Palaeonyssia","Palaeonyssia trisecta"
"1658","Animalia","Arthropoda","Insecta","Lepidoptera","Hesperiidae","Coeliades",""
"1659","Animalia","Arthropoda","Insecta","Lepidoptera","Hesperiidae","Artitropa","Artitropa erinnys"
"1660","Animalia","Arthropoda","Insecta","Lepidoptera","Tortricidae","Metendothenia","Metendothenia balanacma"
"1661","Animalia","Arthropoda","Insecta","Lepidoptera","Pieridae","Colotis","Colotis lais"
"1662","Animalia","Arthropoda","Insecta","Lepidoptera","Hesperiidae","Abantis",""
"1663","Animalia","Arthropoda","Insecta","Lepidoptera","Eupterotidae","Hemijana","Hemijana subrosea"
"1664","Animalia","Arthropoda","Insecta","Lepidoptera","Crambidae","Syngamia","Syngamia fervidalis"
"1665","Animalia","Arthropoda","Insecta","Lepidoptera","Geometridae","Victoria","Victoria fuscithorax"
"1666","Animalia","Arthropoda","Insecta","Lepidoptera","Lycaenidae","Hypolycaena","Hypolycaena lochmophila"
"1667","Animalia","Arthropoda","Insecta","Lepidoptera","Geometridae","Chionopora","Chionopora tarachodes"
"1668","Animalia","Arthropoda","Insecta","Lepidoptera","Lasiocampidae","Pachypasa","Pachypasa picturata"
"1669","Animalia","Arthropoda","Insecta","Lepidoptera","Lycaenidae","Poecilmitis","Poecilmitis beulah"
"1670","Animalia","Arthropoda","Insecta","Lepidoptera","Lycaenidae","Phasis","Phasis clavum"
"1671","Animalia","Arthropoda","Insecta","Lepidoptera","Lycaenidae","Deudorix",""
"1672","Animalia","Arthropoda","Insecta","Lepidoptera","Geometridae","Prasinocyma","Prasinocyma niveisticta"
"1673","Animalia","Arthropoda","Insecta","Lepidoptera","Nymphalidae","Acraea","Acraea machequena"
"1674","Animalia","Arthropoda","Insecta","Lepidoptera","Nymphalidae","Junonia","Junonia antilope"
"1675","Animalia","Arthropoda","Insecta","Lepidoptera","Erebidae","Beriohansa","Beriohansa hansali"
"1676","Animalia","Arthropoda","Insecta","Lepidoptera","Crambidae","Culladia","Culladia achroellum"
"1677","Animalia","Arthropoda","Insecta","Lepidoptera","Metarbelidae","Lebedodes","Lebedodes rufithorax"
"1678","Animalia","Arthropoda","Insecta","Lepidoptera","Lycaenidae","Aloeides","Aloeides nubilus"
"1679","Animalia","Arthropoda","Insecta","Lepidoptera","Lycaenidae","Lepidochrysops","Lepidochrysops procera"
"1680","Animalia","Arthropoda","Insecta","Lepidoptera","Lycaenidae","Chrysoritis","Chrysoritis trimeni"
"1681","Animalia","Arthropoda","Insecta","Lepidoptera","Geometridae","Psilocerea","Psilocerea cneca"
"1682","Animalia","Arthropoda","Insecta","Lepidoptera","Geometridae","Horisme","Horisme minuata"
"1683","Animalia","Arthropoda","Insecta","Lepidoptera","Drepanidae","Negera","Negera natalensis"
"1684","Animalia","Arthropoda","Insecta","Lepidoptera","Nymphalidae","Byblia",""
"1685","Animalia","Arthropoda","Insecta","Lepidoptera","Erebidae","Macaldenia","Macaldenia palumbiodes"
"1686","Animalia","Arthropoda","Insecta","Lepidoptera","Ethmiidae","Ethmia","Ethmia coscineutis"
"1687","Animalia","Arthropoda","Insecta","Lepidoptera","Lycaenidae","Aloeides","Aloeides quickelbergei"
"1688","Animalia","Arthropoda","Insecta","Lepidoptera","Noctuidae","Eublemma","Eublemma nigrivitta"
"1689","Animalia","Arthropoda","Insecta","Lepidoptera","Noctuidae","Acontia","Acontia trychaenoides"
"1690","Animalia","Arthropoda","Insecta","Lepidoptera","Hesperiidae","Metisella","Metisella aegipan"
"1691","Animalia","Arthropoda","Insecta","Lepidoptera","Geometridae","Piercia","Piercia ciliata"
"1692","Animalia","Arthropoda","Insecta","Lepidoptera","Noctuidae","Callyna","Callyna decora"
"1693","Animalia","Arthropoda","Insecta","Lepidoptera","Erebidae","Hemiceratoides","Hemiceratoides sittaca"
"1694","Animalia","Arthropoda","Insecta","Lepidoptera","Geometridae","Pseudomaenas","Pseudomaenas bivirgata"
"1695","Animalia","Arthropoda","Insecta","Lepidoptera","Crambidae","Caffrocrambus","Caffrocrambus chalcimerus"
"1696","Animalia","Arthropoda","Insecta","Lepidoptera","Crambidae","Crambus","Crambus ellipticellus"
"1697","Animalia","Arthropoda","Insecta","Lepidoptera","Noctuidae","Ctenoplusia","Ctenoplusia lavendula"
"1698","Animalia","Arthropoda","Insecta","Lepidoptera","Geometridae","Bathycolpodes","Bathycolpodes chloronesis"
"1699","Animalia","Arthropoda","Insecta","Lepidoptera","Hesperiidae","Coeliades","Coeliades anchises"
"1700","Animalia","Arthropoda","Insecta","Lepidoptera","Erebidae","Ctenusa","Ctenusa varians"
"1701","Animalia","Arthropoda","Insecta","Lepidoptera","Gelechiidae","Helcystogramma","Helcystogramma septella"
"1702","Animalia","Arthropoda","Insecta","Lepidoptera","Geometridae","Traminda","Traminda neptunaria"
"1703","Animalia","Arthropoda","Insecta","Lepidoptera","Noctuidae","Chrysodeixis","Chrysodeixis chalcites"
"1704","Animalia","Arthropoda","Insecta","Lepidoptera","Euteliidae","Eutelia","Eutelia subrubens"
"1705","Animalia","Arthropoda","Insecta","Lepidoptera","Noctuidae","Athetis","Athetis flavipuncta"
"1706","Animalia","Arthropoda","Insecta","Lepidoptera","Crambidae","Syllepte","Syllepte polycymalis"
"1707","Animalia","Arthropoda","Insecta","Lepidoptera","Crambidae","Lamprosema","Lamprosema lucillalis"
"1708","Animalia","Arthropoda","Insecta","Lepidoptera","Erebidae","Plecoptera","Plecoptera poderis"
"1709","Animalia","Arthropoda","Insecta","Lepidoptera","Geometridae","Microbaena","Microbaena pulchra"
"1710","Animalia","Arthropoda","Insecta","Lepidoptera","Geometridae","Chlorissa","Chlorissa dorsicristata"
"1711","Animalia","Arthropoda","Insecta","Lepidoptera","Erebidae","Achaea","Achaea illustrata"
"1712","Animalia","Arthropoda","Insecta","Lepidoptera","Psychidae","Gymnelema","Gymnelema vinctus"
"1713","Animalia","Arthropoda","Insecta","Lepidoptera","Nolidae","Goniocalpe","Goniocalpe heteromorpha"
"1714","Animalia","Arthropoda","Insecta","Lepidoptera","Crambidae","Notarcha","Notarcha muscerdalis"
"1715","Animalia","Arthropoda","Insecta","Lepidoptera","Noctuidae","Athetis","Athetis albirena"
"1716","Animalia","Arthropoda","Insecta","Lepidoptera","Erebidae","Anoba","Anoba atripuncta"
"1717","Animalia","Arthropoda","Insecta","Lepidoptera","Geometridae","Callioratis","Callioratis abraxas"
"1718","Animalia","Arthropoda","Insecta","Lepidoptera","Hesperiidae","Zenonia","Zenonia zeno"
"1719","Animalia","Arthropoda","Insecta","Lepidoptera","Erebidae","Polypogon","Hipoepa fractalis"
"1720","Animalia","Arthropoda","Insecta","Lepidoptera","Crambidae","Herpetogramma","Herpetogramma phaeopteralis"
"1721","Animalia","Arthropoda","Insecta","Lepidoptera","Geometridae","Pingasa","Pingasa ruginaria"
"1722","Animalia","Arthropoda","Insecta","Lepidoptera","Nymphalidae","Pseudonympha","Pseudonympha varii"
"1723","Animalia","Arthropoda","Insecta","Lepidoptera","Geometridae","Eucrostes","Eucrostes rhodophthalma"
"1724","Animalia","Arthropoda","Insecta","Lepidoptera","Erebidae","Rhesala","Rhesala goleta"
"1725","Animalia","Arthropoda","Insecta","Lepidoptera","Yponomeutidae","Yponomeuta","Yponomeuta strigillata"
"1726","Animalia","Arthropoda","Insecta","Lepidoptera","Noctuidae","Ctenoplusia","Ctenoplusia dorfmeisteri"
"1727","Animalia","Arthropoda","Insecta","Lepidoptera","Noctuidae","Maliattha","Maliattha subblandula"
"1728","Animalia","Arthropoda","Insecta","Lepidoptera","Noctuidae","Eublemma","Eublemma foedosa"
"1729","Animalia","Arthropoda","Insecta","Lepidoptera","Erebidae","Achaea","Achaea finita"
"1730","Animalia","Arthropoda","Insecta","Lepidoptera","Erebidae","Grammodes","Grammodes geometrica"
"1731","Animalia","Arthropoda","Insecta","Lepidoptera","Pyralidae","Triphassa","Triphassa argentea"
"1732","Animalia","Arthropoda","Insecta","Lepidoptera","Saturniidae","Eochroa","Eochroa trimeni"
"1733","Animalia","Arthropoda","Insecta","Lepidoptera","Geometridae","Cleora","Cleora acaciaria"
"1734","Animalia","Arthropoda","Insecta","Lepidoptera","Lycaenidae","Thestor","Thestor yildizae"
"1735","Animalia","Arthropoda","Insecta","Lepidoptera","Nymphalidae","Torynesis","Torynesis magna"
"1736","Animalia","Arthropoda","Insecta","Lepidoptera","Psychidae","Chaliopsis","Chaliopsis junodi"
"1737","Animalia","Arthropoda","Insecta","Lepidoptera","Geometridae","Scotopteryx","Scotopteryx cryptospilata"
"1738","Animalia","Arthropoda","Insecta","Lepidoptera","Erebidae","Plecoptera","Plecoptera annexa"
"1739","Animalia","Arthropoda","Insecta","Lepidoptera","Noctuidae","Eublemma","Eublemma flavida"
"1740","Animalia","Arthropoda","Insecta","Lepidoptera","Yponomeutidae","Yponomeuta","Yponomeuta puncticornis"
"1741","Animalia","Arthropoda","Insecta","Lepidoptera","Noctuidae","Heliocheilus","Heliocheilus stigmatia"
"1742","Animalia","Arthropoda","Insecta","Lepidoptera","Peleopodidae","Odites","Odites natalensis"
"1743","Animalia","Arthropoda","Insecta","Lepidoptera","Geometridae","Odontopera","Odontopera erebaria"
"1744","Animalia","Arthropoda","Insecta","Lepidoptera","Gracillariidae","Aristaea","Aristaea thalassias"
"1745","Animalia","Arthropoda","Insecta","Lepidoptera","Erebidae","Eudocima","Eudocima afrikana"
"1746","Animalia","Arthropoda","Insecta","Lepidoptera","Geometridae","Omphalucha","Omphalucha indeflexa"
"1747","Animalia","Arthropoda","Insecta","Lepidoptera","Limacodidae","Zorostola","Zorostola melanoxantha"
"1748","Animalia","Arthropoda","Insecta","Lepidoptera","Geometridae","Perizoma","Perizoma petrogenes"
"1749","Animalia","Arthropoda","Insecta","Lepidoptera","Noctuidae","Acontia","Acontia citripennis"
"1750","Animalia","Arthropoda","Insecta","Lepidoptera","Noctuidae","Centrarthra","Centrarthra ossicolor"
"1751","Animalia","Arthropoda","Insecta","Lepidoptera","Geometridae","Hypomecis","Hypomecis complacita"
"1752","Animalia","Arthropoda","Insecta","Lepidoptera","Cossidae","Azygophleps","Azygophleps leopardina"
"1753","Animalia","Arthropoda","Insecta","Lepidoptera","Erebidae","Proschaliphora","Proschaliphora butti"
"1754","Animalia","Arthropoda","Insecta","Lepidoptera","Geometridae","Idaea","Idaea fumilinea"
"1755","Animalia","Arthropoda","Insecta","Lepidoptera","Erebidae","Hypena","Hypena jussalis"
"1756","Animalia","Arthropoda","Insecta","Lepidoptera","Erebidae","Plecoptera","Plecoptera punctilineata"
"1757","Animalia","Arthropoda","Insecta","Lepidoptera","Noctuidae","Axylia","Axylia annularis"
"1758","Animalia","Arthropoda","Insecta","Lepidoptera","Geometridae","Eupithecia","Eupithecia infelix"
"1759","Animalia","Arthropoda","Insecta","Lepidoptera","Geometridae","Omphalucha","Omphalucha maturnaria"
"1760","Animalia","Arthropoda","Insecta","Lepidoptera","Lycaenidae","Chrysoritis","Chrysoritis rileyi"
"1761","Animalia","Arthropoda","Insecta","Lepidoptera","Lycaenidae","Zeritis","Zeritis barklyi"
"1762","Animalia","Arthropoda","Insecta","Lepidoptera","Geometridae","Omphalucha","Omphalucha albosignata"
"1763","Animalia","Arthropoda","Insecta","Lepidoptera","Pieridae","Colotis","Colotis doubledayi"
"1764","Animalia","Arthropoda","Insecta","Lepidoptera","Noctuidae","Eublemma","Eublemma delicata"
"1765","Animalia","Arthropoda","Insecta","Lepidoptera","Geometridae","Pareclipsis","Pareclipsis incerta"
"1766","Animalia","Arthropoda","Insecta","Lepidoptera","Noctuidae","Eublemma","Eublemma seminivea"
"1767","Animalia","Arthropoda","Insecta","Lepidoptera","Alucitidae","Alucita","Alucita spicifera"
"1768","Animalia","Arthropoda","Insecta","Lepidoptera","Sesiidae","Felderiola","Felderiola candescens"
"1769","Animalia","Arthropoda","Insecta","Lepidoptera","Noctuidae","Spodoptera","Spodoptera frugiperda"
"1770","Animalia","Arthropoda","Insecta","Lepidoptera","Lycaenidae","Aloeides","Aloeides bamptoni"
"1771","Animalia","Arthropoda","Insecta","Lepidoptera","Noctuidae","Tegiapa","Tegiapa goateri"
"1772","Animalia","Arthropoda","Insecta","Lepidoptera","Geometridae","Mimoclystia","Mimoclystia undulosata"
"1773","Animalia","Arthropoda","Insecta","Lepidoptera","Noctuidae","Iambia","Iambia jansei"
"1774","Animalia","Arthropoda","Insecta","Lepidoptera","Lycaenidae","Lepidochrysops","Lepidochrysops penningtoni"
"1775","Animalia","Arthropoda","Insecta","Lepidoptera","Erebidae","Hypena","Hypena laetalis"
"1776","Animalia","Arthropoda","Insecta","Lepidoptera","Hesperiidae","Spialia",""
"1777","Animalia","Arthropoda","Insecta","Lepidoptera","Geometridae","Chiasmia","Chiasmia inconspicua"
"1778","Animalia","Arthropoda","Insecta","Lepidoptera","Lycaenidae","Poecilmitis","Poecilmitis braueri"
"1779","Animalia","Arthropoda","Insecta","Lepidoptera","Geometridae","Axiodes","Axiodes irvingi"
"1780","Animalia","Arthropoda","Insecta","Lepidoptera","Crambidae","Blepharucha","Blepharucha zaide"
"1781","Animalia","Arthropoda","Insecta","Lepidoptera","Notodontidae","Desmeocraera","Desmeocraera octoginta"
"1782","Animalia","Arthropoda","Insecta","Lepidoptera","Erebidae","Radara","Radara vacillans"
"1783","Animalia","Arthropoda","Insecta","Lepidoptera","Lasiocampidae","Odontocheilopteryx","Odontocheilopteryx myxa"
"1784","Animalia","Arthropoda","Insecta","Lepidoptera","Nolidae","Aiteta","Aiteta veluta"
"1785","Animalia","Arthropoda","Insecta","Lepidoptera","Geometridae","Omizodes","Omizodes ocellata"
"1786","Animalia","Arthropoda","Insecta","Lepidoptera","Sphingidae","Temnora","Temnora elegans"
"1787","Animalia","Arthropoda","Insecta","Lepidoptera","Noctuidae","Tegiapa","Tegiapa melanoleuca"
"1788","Animalia","Arthropoda","Insecta","Lepidoptera","Erebidae","Heteropalpia","Heteropalpia cortytoides"
"1789","Animalia","Arthropoda","Insecta","Lepidoptera","Crambidae","Glyphodella","Glyphodella flavibrunnea"
"1790","Animalia","Arthropoda","Insecta","Lepidoptera","Lecithoceridae","Dragmatucha","Dragmatucha proaula"
"1791","Animalia","Arthropoda","Insecta","Lepidoptera","Geometridae","Scopula","Scopula argentidisca"
"1792","Animalia","Arthropoda","Insecta","Lepidoptera","Geometridae","Conolophia","Conolophia aemula"
"1793","Animalia","Arthropoda","Insecta","Lepidoptera","Noctuidae","Eublemma","Eublemma minima"
"1794","Animalia","Arthropoda","Insecta","Lepidoptera","Geometridae","Eurranthis","Eurranthis acuta"
"1795","Animalia","Arthropoda","Insecta","Lepidoptera","Noctuidae","Ozarba","Ozarba illimitata"
"1796","Animalia","Arthropoda","Insecta","Lepidoptera","Geometridae","Pseudomaenas","Pseudomaenas intricata"
"1797","Animalia","Arthropoda","Insecta","Lepidoptera","Geometridae","Cabera","Cabera pseudognophos"
"1798","Animalia","Arthropoda","Insecta","Lepidoptera","Crambidae","Cnaphalocrocis","Marasmia trapezalis"
"1799","Animalia","Arthropoda","Insecta","Lepidoptera","Erebidae","Gracilodes","Gracilodes nysa"
"1800","Animalia","Arthropoda","Insecta","Lepidoptera","Noctuidae","Schausia","Schausia coryndoni"
"1801","Animalia","Arthropoda","Insecta","Lepidoptera","Hepialidae","Eudalaca","Eudalaca crudeni"
"1802","Animalia","Arthropoda","Insecta","Lepidoptera","Erebidae","Cyana","Cyana capensis"
"1803","Animalia","Arthropoda","Insecta","Lepidoptera","Erebidae","Oraesia","Oraesia triobliqua"
"1804","Animalia","Arthropoda","Insecta","Lepidoptera","Geometridae","Heterorachis","Heterorachis despoliata"
"1805","Animalia","Arthropoda","Insecta","Lepidoptera","Lasiocampidae","Bombycopsis","Bombycopsis punctimarginata"
"1806","Animalia","Arthropoda","Insecta","Lepidoptera","Metarbelidae","Lebedodes","Lebedodes natalica"
"1807","Animalia","Arthropoda","Insecta","Lepidoptera","Erebidae","Baniana","Baniana arvorum"
"1808","Animalia","Arthropoda","Insecta","Lepidoptera","Erebidae","Thyretes","Thyretes montana"
"1809","Animalia","Arthropoda","Insecta","Lepidoptera","Erebidae","Procanthia","Procanthia distanti"
"1810","Animalia","Arthropoda","Insecta","Lepidoptera","Erebidae","Ophiusa","Ophiusa tumiditermina"
"1811","Animalia","Arthropoda","Insecta","Lepidoptera","Crambidae","Crambus","Crambus tenuistriga"
"1812","Animalia","Arthropoda","Insecta","Lepidoptera","Erebidae","Rhanidophora","Rhanidophora cinctigutta"
"1813","Animalia","Arthropoda","Insecta","Lepidoptera","Sphingidae","Hippotion","Hippotion balsaminae"
"1814","Animalia","Arthropoda","Insecta","Lepidoptera","Erebidae","Euproctis","Euproctis arenacea"
"1815","Animalia","Arthropoda","Insecta","Lepidoptera","Crambidae","Aurotalis","Aurotalis similis"
"1816","Animalia","Arthropoda","Insecta","Lepidoptera","Erebidae","Audea","Audea zimmeri"
"1817","Animalia","Arthropoda","Insecta","Lepidoptera","Drepanidae","Aethiopsestis","Aethiopsestis austrina"
"1818","Animalia","Arthropoda","Insecta","Lepidoptera","Limacodidae","Unipectiphora","Unipectiphora delosignata"
"1819","Animalia","Arthropoda","Insecta","Lepidoptera","Geometridae","Veniliodes","Veniliodes inflammata"
"1820","Animalia","Arthropoda","Insecta","Lepidoptera","Geometridae","Psilocerea","Psilocerea pulverosa"
"1821","Animalia","Arthropoda","Insecta","Lepidoptera","Saturniidae","Vegetia","Vegetia grimmia"
"1822","Animalia","Arthropoda","Insecta","Lepidoptera","Hesperiidae","Abantis","Abantis paradisea"
"1823","Animalia","Arthropoda","Insecta","Lepidoptera","Hesperiidae","Abantis","Abantis bicolor"
"1824","Animalia","Arthropoda","Insecta","Lepidoptera","Lycaenidae","Anthene","Anthene dulcis"
"1825","Animalia","Arthropoda","Insecta","Lepidoptera","Noctuidae","Ozarba","Ozarba nigroviridis"
"1826","Animalia","Arthropoda","Insecta","Lepidoptera","Erebidae","Ceryx","Ceryx anthraciformis"
"1827","Animalia","Arthropoda","Insecta","Lepidoptera","Nymphalidae","Dira","Dira swanepoeli"
"1828","Animalia","Arthropoda","Insecta","Lepidoptera","Notodontidae","Thaumetopoea","Thaumetopoea apologetica"
"1829","Animalia","Arthropoda","Insecta","Lepidoptera","Geometridae","Phthonandria","Phthonandria pinguis"
"1830","Animalia","Arthropoda","Insecta","Lepidoptera","Hesperiidae","Platylesches","Platylesches picanini"
"1831","Animalia","Arthropoda","Insecta","Lepidoptera","Lasiocampidae","Chondrostegoides","Chondrostegoides murina"
"1832","Animalia","Arthropoda","Insecta","Lepidoptera","Erebidae","Trichaeta","Trichaeta pterophorina"
"1833","Animalia","Arthropoda","Insecta","Lepidoptera","Limacodidae","Caffricola","Caffricola cloeckneria"
"1834","Animalia","Arthropoda","Insecta","Lepidoptera","Nolidae","Aiteta","Aiteta thermistis"
"1835","Animalia","Arthropoda","Insecta","Lepidoptera","Geometridae","Pseudomaenas","Pseudomaenas margarita"
"1836","Animalia","Arthropoda","Insecta","Lepidoptera","Geometridae","Chiasmia","Chiasmia nobilitata"
"1837","Animalia","Arthropoda","Insecta","Lepidoptera","Yponomeutidae","Xyrosaris","Xyrosaris secreta"
"1838","Animalia","Arthropoda","Insecta","Lepidoptera","Noctuidae","Eublemma","Eublemma daphoena"
"1839","Animalia","Arthropoda","Insecta","Lepidoptera","Pyralidae","Faveria","Faveria dionysia"
"1840","Animalia","Arthropoda","Insecta","Lepidoptera","Noctuidae","Mythimna","Mythimna tacuna"
"1841","Animalia","Arthropoda","Insecta","Lepidoptera","Tortricidae","Thaumatotibia","Thaumatotibia leucotreta"
"1842","Animalia","Arthropoda","Insecta","Lepidoptera","Noctuidae","Pseudozarba","Pseudozarba opella"
"1843","Animalia","Arthropoda","Insecta","Lepidoptera","Nolidae","Neaxestis","Neaxestis acutangula"
"1844","Animalia","Arthropoda","Insecta","Lepidoptera","Lycaenidae","Poecilmitis","Poecilmitis perseus"
"1845","Animalia","Arthropoda","Insecta","Lepidoptera","Tineidae","Opogona","Opogona omoscopa"
"1846","Animalia","Arthropoda","Insecta","Lepidoptera","Erebidae","Afrasura","Afrasura rivulosa"
"1847","Animalia","Arthropoda","Insecta","Lepidoptera","Noctuidae","Ethiopica","Ethiopica cupricolor"
"1848","Animalia","Arthropoda","Insecta","Lepidoptera","Erebidae","Hypotacha","Hypotacha parva"
"1849","Animalia","Arthropoda","Insecta","Lepidoptera","Hesperiidae","Metisella","Metisella meninx"
"1850","Animalia","Arthropoda","Insecta","Lepidoptera","Noctuidae","Metachrostis","Metachrostis snelleni"
"1851","Animalia","Arthropoda","Insecta","Lepidoptera","Stathmopodidae","Stathmopoda","Stathmopoda lychnacma"
"1852","Animalia","Arthropoda","Insecta","Lepidoptera","Lycaenidae","Aloeides","Aloeides caffrariae"
"1853","Animalia","Arthropoda","Insecta","Lepidoptera","Lycaenidae","Lepidochrysops","Lepidochrysops glauca"
"1854","Animalia","Arthropoda","Insecta","Lepidoptera","Erebidae","Achaea","Achaea trapezoides"
"1855","Animalia","Arthropoda","Insecta","Lepidoptera","Erebidae","Acantharctia","Acantharctia latifasciata"
"1856","Animalia","Arthropoda","Insecta","Lepidoptera","Saturniidae","Ludia","Ludia goniata"
"1857","Animalia","Arthropoda","Insecta","Lepidoptera","Geometridae","Scopula","Scopula rossi"
"1858","Animalia","Arthropoda","Insecta","Lepidoptera","Erebidae","Audea","Audea melanoplaga"
"1859","Animalia","Arthropoda","Insecta","Lepidoptera","Pyralidae","Lamoria","Lamoria adaptella"
"1860","Animalia","Arthropoda","Insecta","Lepidoptera","Geometridae","Scopula","Scopula accentuata"
"1861","Animalia","Arthropoda","Insecta","Lepidoptera","Noctuidae","Axylia","Axylia ustula"
"1862","Animalia","Arthropoda","Insecta","Lepidoptera","Crambidae","Angustalius","Angustalius malacellus"
"1863","Animalia","Arthropoda","Insecta","Lepidoptera","Geometridae","Horisme","Horisme obscurata"
"1864","Animalia","Arthropoda","Insecta","Lepidoptera","Thyrididae","Cecidothyris","Cecidothyris pexa"
"1865","Animalia","Arthropoda","Insecta","Lepidoptera","Euteliidae","Eutelia","Eutelia gaedei"
"1866","Animalia","Arthropoda","Insecta","Lepidoptera","Uraniidae","Leucoplema","Leucoplema dohertyii"
"1867","Animalia","Arthropoda","Insecta","Lepidoptera","Nolidae","Setoctena","Setoctena piperitella"
"1868","Animalia","Arthropoda","Insecta","Lepidoptera","Geometridae","Chloroclystis","Chloroclystis grisea"
"1869","Animalia","Arthropoda","Insecta","Lepidoptera","Geometridae","Chiasmia","Chiasmia amarata"
"1870","Animalia","Arthropoda","Insecta","Lepidoptera","Lycaenidae","Lycaena","Lycaena ortygia"
"1871","Animalia","Arthropoda","Insecta","Lepidoptera","Pyralidae","Ectomyelois","Ectomyelois ceratoniae"
"1872","Animalia","Arthropoda","Insecta","Lepidoptera","Erebidae","Naarda","Naarda nigripalpis"
"1873","Animalia","Arthropoda","Insecta","Lepidoptera","Notodontidae","Metopteryx","Metopteryx cinerea"
"1874","Animalia","Arthropoda","Insecta","Lepidoptera","Erebidae","Pseudoradiarctia","Pseudoradiarctia scita"
"1875","Animalia","Arthropoda","Insecta","Lepidoptera","Noctuidae","Heliothis","Heliothis flavigera"
"1876","Animalia","Arthropoda","Insecta","Lepidoptera","Geometridae","Somatina","Somatina virginalis"
"1877","Animalia","Arthropoda","Insecta","Lepidoptera","Noctuidae","Omphalestra","Omphalestra mesomelana"
"1878","Animalia","Arthropoda","Insecta","Lepidoptera","Noctuidae","Caffristis","Caffristis ferrogrisea"
"1879","Animalia","Arthropoda","Insecta","Lepidoptera","Geometridae","Xenimpia","Xenimpia maculosata"
"1880","Animalia","Arthropoda","Insecta","Lepidoptera","Sphingidae","Lophostethus",""
"1881","Animalia","Arthropoda","Insecta","Lepidoptera","Noctuidae","Eustrotia","Eustrotia olivula"
"1882","Animalia","Arthropoda","Insecta","Lepidoptera","Erebidae","Afrasura",""
"1883","Animalia","Arthropoda","Insecta","Lepidoptera","Gelechiidae","",""
"1884","Animalia","Arthropoda","Insecta","Lepidoptera","Erebidae","Naarda",""
"1885","Animalia","Arthropoda","Insecta","Lepidoptera","Saturniidae","Campimoptilum","Campimoptilum kuntzei"
"1886","Animalia","Arthropoda","Insecta","Lepidoptera","Geometridae","Chiasmia","Chiasmia procidata"
"1887","Animalia","Arthropoda","Insecta","Lepidoptera","Saturniidae","Aurivillius",""
"1888","Animalia","Arthropoda","Insecta","Lepidoptera","Geometridae","Rhodophthitus","Rhodophthitus commaculata"
"1889","Animalia","Arthropoda","Insecta","Lepidoptera","Erebidae","Utetheisa",""
"1890","Animalia","Arthropoda","Insecta","Lepidoptera","Geometridae","Nassinia","Nassinia pretoria"
"1891","Animalia","Arthropoda","Insecta","Lepidoptera","Geometridae","Scopula","Scopula sanguinisecta"
"1892","Animalia","Arthropoda","Insecta","Lepidoptera","Geometridae","Chiasmia","Chiasmia furcata"
"1893","Animalia","Arthropoda","Insecta","Lepidoptera","Geometridae","Isturgia",""
"1894","Animalia","Arthropoda","Insecta","Lepidoptera","Pyralidae","Lamoria",""
"1895","Animalia","Arthropoda","Insecta","Lepidoptera","Erebidae","Lacipa",""
"1896","Animalia","Arthropoda","Insecta","Lepidoptera","Noctuidae","Heterocera",""
"1897","Animalia","Arthropoda","Insecta","Lepidoptera","Noctuidae","Metapioplasta","Metapioplasta gratiosa"
"1898","Animalia","Arthropoda","Insecta","Lepidoptera","Noctuidae","Euplexia","Euplexia augens"
"1899","Animalia","Arthropoda","Insecta","Lepidoptera","Erebidae","Eudocima","Eudocima lequeuxi"
"1900","Animalia","Arthropoda","Insecta","Lepidoptera","Noctuidae","Cucullia","Cucullia consimilis"
"1901","Animalia","Arthropoda","Insecta","Lepidoptera","Crambidae","Evergestis","Evergestis forficalis"
"1902","Animalia","Arthropoda","Insecta","Lepidoptera","Lycaenidae","Desmolycaena","Desmolycaena mazoensis"
"1903","Animalia","Arthropoda","Insecta","Lepidoptera","Noctuidae","Eublemma","Eublemma bolinia"
"1904","Animalia","Arthropoda","Insecta","Lepidoptera","Noctuidae","Eublemma","Eublemma flaviceps"
"1905","Animalia","Arthropoda","Insecta","Lepidoptera","Noctuidae","Micragrotis","Micragrotis puncticostata"
"1906","Animalia","Arthropoda","Insecta","Lepidoptera","Crambidae","Prionapteryx","Prionapteryx brevivittalis"
"1907","Animalia","Arthropoda","Insecta","Lepidoptera","Lycaenidae","Castalius","Castalius hesperis"
"1908","Animalia","Arthropoda","Insecta","Lepidoptera","Crambidae","Angustalius","Angustalius casandra"
"1909","Animalia","Arthropoda","Insecta","Lepidoptera","Geometridae","Cleora","Cleora betularia"
"1910","Animalia","Arthropoda","Insecta","Lepidoptera","Erebidae","Heteropalpia","Heteropalpia vetusta"
"1911","Animalia","Arthropoda","Insecta","Lepidoptera","Lycaenidae","Capys","Capys disjunctus"
"1912","Animalia","Arthropoda","Insecta","Lepidoptera","Noctuidae","Aspidifrontia","Aspidifrontia atavistis"
"1913","Animalia","Arthropoda","Insecta","Lepidoptera","Crambidae","Syllepte","Syllepte purpurascens"
"1914","Animalia","Arthropoda","Insecta","Lepidoptera","Tortricidae","Cydia","Cydia pomonella"
"1915","Animalia","Arthropoda","Insecta","Lepidoptera","Noctuidae","Cucullia","Cucullia hutchinsoni"
"1916","Animalia","Arthropoda","Insecta","Lepidoptera","Lasiocampidae","Pallastica","Pallastica pallens"
"1917","Animalia","Arthropoda","Insecta","Lepidoptera","Noctuidae","Eublemma","Eublemma juergenschmidli"
"1918","Animalia","Arthropoda","Insecta","Lepidoptera","Erebidae","Acantholipes","Acantholipes circumdata"
"1919","Animalia","Arthropoda","Insecta","Lepidoptera","Crambidae","Autocharis","Autocharis sinualis"
"1920","Animalia","Arthropoda","Insecta","Lepidoptera","Lycaenidae","Orachrysops","Orachrysops violescens"
"1921","Animalia","Arthropoda","Insecta","Lepidoptera","Noctuidae","Timora","Timora albisticta"
"1922","Animalia","Arthropoda","Insecta","Lepidoptera","Thyrididae","Dysodia","Dysodia crassa"
"1923","Animalia","Arthropoda","Insecta","Lepidoptera","Noctuidae","Eublemma","Eublemma angustizona"
"1924","Animalia","Arthropoda","Insecta","Lepidoptera","Tineidae","Phereoeca","Phereoeca uterella"
"1925","Animalia","Arthropoda","Insecta","Lepidoptera","Noctuidae","Cucullia","Cucullia pallidistria"
"1926","Animalia","Arthropoda","Insecta","Lepidoptera","Crambidae","Hymenia","Hymenia perspectalis"
"1927","Animalia","Arthropoda","Insecta","Lepidoptera","Lycaenidae","Orachrysops","Orachrysops warreni"
"1928","Animalia","Arthropoda","Insecta","Lepidoptera","Pyralidae","Etiella","Etiella zinckenella"
"1929","Animalia","Arthropoda","Insecta","Lepidoptera","Oecophoridae","Endrosis","Endrosis sarcitrella"
"1930","Animalia","Arthropoda","Insecta","Lepidoptera","Tortricidae","Cosmetra","Cosmetra tumulata"
"1931","Animalia","Arthropoda","Insecta","Lepidoptera","Lycaenidae","Aloeides","Aloeides maluti"
"1932","Animalia","Arthropoda","Insecta","Lepidoptera","Geometridae","Psilocerea","Psilocerea immitata"
"1933","Animalia","Arthropoda","Insecta","Lepidoptera","Geometridae","Menophra","Menophra jansei"
"1934","Animalia","Arthropoda","Insecta","Lepidoptera","Lycaenidae","Anthene","Anthene liodes"
"1935","Animalia","Arthropoda","Insecta","Lepidoptera","Noctuidae","Micragrotis","Micragrotis interstriata"
"1936","Animalia","Arthropoda","Insecta","Lepidoptera","Gelechiidae","Dichomeris","Dichomeris barathrodes"
"1937","Animalia","Arthropoda","Insecta","Lepidoptera","Crambidae","Tegostoma","Tegostoma florilegaria"
"1938","Animalia","Arthropoda","Insecta","Lepidoptera","Erebidae","Crocosia","Crocosia mesosticta"
"1939","Animalia","Arthropoda","Insecta","Lepidoptera","Noctuidae","Acrapex","Acrapex aenigma"
"1940","Animalia","Arthropoda","Insecta","Lepidoptera","Lycaenidae","Leptotes","Leptotes babaulti"
"1941","Animalia","Arthropoda","Insecta","Lepidoptera","Metarbelidae","Salagena","Salagena reticulata"
"1942","Animalia","Arthropoda","Insecta","Lepidoptera","Nymphalidae","Dingana","Dingana clara"
"1943","Animalia","Arthropoda","Insecta","Lepidoptera","Geometridae","Zygophyxia","Zygophyxia roseocincta"
"1944","Animalia","Arthropoda","Insecta","Lepidoptera","Crambidae","Syllepte","Syllepte nasonalis"
"1945","Animalia","Arthropoda","Insecta","Lepidoptera","Noctuidae","Tracheplexia","Tracheplexia lucia"
"1946","Animalia","Arthropoda","Insecta","Lepidoptera","Pieridae","Colotis","Colotis erone"
"1947","Animalia","Arthropoda","Insecta","Lepidoptera","Lasiocampidae","Philotherma","Philotherma rosa"
"1948","Animalia","Arthropoda","Insecta","Lepidoptera","Ethmiidae","Ethmia","Ethmia anikini"
"1949","Animalia","Arthropoda","Insecta","Lepidoptera","Geometridae","Dolosis","Dolosis illacerata"
"1950","Animalia","Arthropoda","Insecta","Lepidoptera","Geometridae","Piercia","Piercia smaragdinata"
"1951","Animalia","Arthropoda","Insecta","Lepidoptera","Noctuidae","Leucotrachea","Leucotrachea melanoleuca"
"1952","Animalia","Arthropoda","Insecta","Lepidoptera","Erebidae","Cragia","Cragia distigmata"
"1953","Animalia","Arthropoda","Insecta","Lepidoptera","Erebidae","Eudocima","Eudocima phalonia"
"1954","Animalia","Arthropoda","Insecta","Lepidoptera","Nymphalidae","Dingana","Dingana alticola"
"1955","Animalia","Arthropoda","Insecta","Lepidoptera","Geometridae","Mimoclystia","Mimoclystia tepescens"
"1956","Animalia","Arthropoda","Insecta","Lepidoptera","Crambidae","Metoeca","Metoeca foedalis"
"1957","Animalia","Arthropoda","Insecta","Lepidoptera","Geometridae","Melanthia","Melanthia ustiplaga"
"1958","Animalia","Arthropoda","Insecta","Lepidoptera","Geometridae","Perizoma","Perizoma epipercna"
"1959","Animalia","Arthropoda","Insecta","Lepidoptera","Pyralidae","Cadra","Cadra cautella"
"1960","Animalia","Arthropoda","Insecta","Lepidoptera","Noctuidae","Mimasura","Mimasura tripunctoides"
"1961","Animalia","Arthropoda","Insecta","Lepidoptera","Geometridae","Scopula","Scopula punctilineata"
"1962","Animalia","Arthropoda","Insecta","Lepidoptera","Pyralidae","Epicrocis","Epicrocis laticostella"
"1963","Animalia","Arthropoda","Insecta","Lepidoptera","Nolidae","Selepa","Selepa leucogonia"
"1964","Animalia","Arthropoda","Insecta","Lepidoptera","Pyralidae","Tegulifera","Tegulifera obovalis"
"1965","Animalia","Arthropoda","Insecta","Lepidoptera","Erebidae","Heliophisma","Heliophisma xanthoptera"
"1966","Animalia","Arthropoda","Insecta","Lepidoptera","Gelechiidae","Polyhymno","Polyhymno chionarcha"
"1967","Animalia","Arthropoda","Insecta","Lepidoptera","Noctuidae","Ozarba","Ozarba cupreofascia"
"1968","Animalia","Arthropoda","Insecta","Lepidoptera","Sphingidae","Temnora","Temnora murina"
"1969","Animalia","Arthropoda","Insecta","Lepidoptera","Noctuidae","Ctenoplusia","Ctenoplusia molybdina"
"1970","Animalia","Arthropoda","Insecta","Lepidoptera","Erebidae","Attatha","Attatha barlowi"
"1971","Animalia","Arthropoda","Insecta","Lepidoptera","Pterophoridae","Platyptilia","Platyptilia sabius"
"1972","Animalia","Arthropoda","Insecta","Lepidoptera","Gelechiidae","Deltophora","Deltophora typica"
"1973","Animalia","Arthropoda","Insecta","Lepidoptera","Erebidae","Dasychira","Dasychira batoides"
"1974","Animalia","Arthropoda","Insecta","Lepidoptera","Eriocottidae","Compsoctena","Compsoctena brachyctenis"
"1975","Animalia","Arthropoda","Insecta","Lepidoptera","Geometridae","Platypepla","Platypepla persubtilis"
"1976","Animalia","Arthropoda","Insecta","Lepidoptera","Pterophoridae","Deuterocopus","Deuterocopus socotranus"
"1977","Animalia","Arthropoda","Insecta","Lepidoptera","Tineidae","Trichophaga","Trichophaga tapetzella"
"1978","Animalia","Arthropoda","Insecta","Lepidoptera","Geometridae","Drepanogynis","Drepanogynis insolens"
"1979","Animalia","Arthropoda","Insecta","Lepidoptera","Geometridae","Lhommeia","Lhommeia biskrara"
"1980","Animalia","Arthropoda","Insecta","Lepidoptera","Noctuidae","Lophonotidia","Lophonotidia melanoleuca"
"1981","Animalia","Arthropoda","Insecta","Lepidoptera","Noctuidae","Acontia","Acontia insocia"
"1982","Animalia","Arthropoda","Insecta","Lepidoptera","Geometridae","Pasiphila","Pasiphila derasata"
"1983","Animalia","Arthropoda","Insecta","Lepidoptera","Nymphalidae","Charaxes","Charaxes karkloof"
"1984","Animalia","Arthropoda","Insecta","Lepidoptera","Noctuidae","Nyodes","Nyodes acatharta"
"1985","Animalia","Arthropoda","Insecta","Lepidoptera","Cossidae","Eulophonotus","Eulophonotus myrmeleon"
"1986","Animalia","Arthropoda","Insecta","Lepidoptera","Noctuidae","Cetola","Cetola pulchra"
"1987","Animalia","Arthropoda","Insecta","Lepidoptera","Noctuidae","Ochrocalama","Ochrocalama xanthia"
"1988","Animalia","Arthropoda","Insecta","Lepidoptera","Metarbelidae","Teragra","Teragra guttifera"
"1989","Animalia","Arthropoda","Insecta","Lepidoptera","Tortricidae","Neaspasia","Neaspasia orthacta"
"1990","Animalia","Arthropoda","Insecta","Lepidoptera","Noctuidae","Thysanoplusia","Thysanoplusia daubei"
"1991","Animalia","Arthropoda","Insecta","Lepidoptera","Scythrididae","Eretmocera","Eretmocera syleuta"
"1992","Animalia","Arthropoda","Insecta","Lepidoptera","Erebidae","Automolis","Metarctia brunneipennis"
"1993","Animalia","Arthropoda","Insecta","Lepidoptera","Geometridae","Zamarada","Zamarada dentigera"
"1994","Animalia","Arthropoda","Insecta","Lepidoptera","Erebidae","Plecopterodes","Plecopterodes melliflua"
"1995","Animalia","Arthropoda","Insecta","Lepidoptera","Nymphalidae","Paternympha","Paternympha loxophthalma"
"1996","Animalia","Arthropoda","Insecta","Lepidoptera","Erebidae","Proschaliphora","Proschaliphora albida"
"1997","Animalia","Arthropoda","Insecta","Lepidoptera","Noctuidae","Lophotarsia","Lophotarsia ochroprocta"
"1998","Animalia","Arthropoda","Insecta","Lepidoptera","Noctuidae","Ozarba","Ozarba semipurpurea"
"1999","Animalia","Arthropoda","Insecta","Lepidoptera","Gracillariidae","Pleiomorpha","Pleiomorpha homotypa"
"2000","Animalia","Arthropoda","Insecta","Lepidoptera","Noctuidae","Trichoplusia","Trichoplusia roseofasciata"
"2001","Animalia","Arthropoda","Insecta","Lepidoptera","Noctuidae","Neocucullia","Neocucullia albisignata"
"2002","Animalia","Arthropoda","Insecta","Lepidoptera","Nymphalidae","Antanartia","Antanartia schaeneia"
"2003","Animalia","Arthropoda","Insecta","Lepidoptera","Pterophoridae","Platyptilia","Platyptilia farfarellus"
"2004","Animalia","Arthropoda","Insecta","Lepidoptera","Erebidae","Laelia",""
"2005","Animalia","Arthropoda","Insecta","Lepidoptera","Geometridae","Thalassodes","Thalassodes opaca"
"2006","Animalia","Arthropoda","Insecta","Lepidoptera","Euteliidae","Eutelia","Eutelia ocellaria"
"2007","Animalia","Arthropoda","Insecta","Lepidoptera","Noctuidae","Tathorhynchus","Tathorhynchus plumbea"
"2008","Animalia","Arthropoda","Insecta","Lepidoptera","Geometridae","Drepanogynis","Drepanogynis pero"
"2009","Animalia","Arthropoda","Insecta","Lepidoptera","Crambidae","Pleuroptya","Pleuroptya balteata"
"2010","Animalia","Arthropoda","Insecta","Lepidoptera","Pterophoridae","Amblyptilia","Amblyptilia direptalis"
"2011","Animalia","Arthropoda","Insecta","Lepidoptera","Noctuidae","Eublemma","Eublemma staudingeri"
"2012","Animalia","Arthropoda","Insecta","Lepidoptera","Noctuidae","Acrapex","Acrapex festiva"
"2013","Animalia","Arthropoda","Insecta","Lepidoptera","Erebidae","Paraona","Paraona interjecta"
"2014","Animalia","Arthropoda","Insecta","Lepidoptera","Crambidae","Udea","Udea infuscalis"
"2015","Animalia","Arthropoda","Insecta","Lepidoptera","Sphingidae","Temnora","Temnora zantus"
"2016","Animalia","Arthropoda","Insecta","Lepidoptera","Lycaenidae","Aphniolaus","Aphniolaus pallene"
"2017","Animalia","Arthropoda","Insecta","Lepidoptera","Noctuidae","Chrysodeixis","Chrysodeixis acuta"
"2018","Animalia","Arthropoda","Insecta","Lepidoptera","Noctuidae","Heraclia","Heraclia pardalina"
"2019","Animalia","Arthropoda","Insecta","Lepidoptera","Erebidae","Siccia","Siccia sordida"
"2020","Animalia","Arthropoda","Insecta","Lepidoptera","Erebidae","Ericeia","Ericeia congressa"
"2021","Animalia","Arthropoda","Insecta","Lepidoptera","Noctuidae","Leucotrachea","Leucotrachea melanobis"
"2022","Animalia","Arthropoda","Insecta","Lepidoptera","Lasiocampidae","Bombycopsis","Bombycopsis bipars"
"2023","Animalia","Arthropoda","Insecta","Lepidoptera","Notodontidae","Desmeocraera","Desmeocraera interpellatrix"
"2024","Animalia","Arthropoda","Insecta","Lepidoptera","Erebidae","Estigmene","Estigmene multivittata"
"2025","Animalia","Arthropoda","Insecta","Lepidoptera","Crambidae","Syngamia","Syngamia falsidicalis"
"2026","Animalia","Arthropoda","Insecta","Lepidoptera","Noctuidae","Acontia","Acontia antica"
"2027","Animalia","Arthropoda","Insecta","Lepidoptera","Erebidae","Psalis","Psalis pennatula"
"2028","Animalia","Arthropoda","Insecta","Lepidoptera","Erebidae","Audea","Audea bipunctata"
"2029","Animalia","Arthropoda","Insecta","Lepidoptera","Geometridae","Psilocladia","Psilocladia obliquata"
"2030","Animalia","Arthropoda","Insecta","Lepidoptera","Crambidae","Syllepte","Syllepte ovialis"
"2031","Animalia","Arthropoda","Insecta","Lepidoptera","Geometridae","Argyrophora","Argyrophora stramineata"
"2032","Animalia","Arthropoda","Insecta","Lepidoptera","Erebidae","Hypagoptera","Hypagoptera rufeola"
"2033","Animalia","Arthropoda","Insecta","Lepidoptera","Geometridae","Isturgia","Isturgia spissata"
"2034","Animalia","Arthropoda","Insecta","Lepidoptera","Erebidae","Plusiodonta","Plusiodonta wahlbergi"
"2035","Animalia","Arthropoda","Insecta","Lepidoptera","Erebidae","Rhypopteryx","Rhypopteryx rhodalipha"
"2036","Animalia","Arthropoda","Insecta","Lepidoptera","Noctuidae","Thysanoplusia","Thysanoplusia exquisita"
"2037","Animalia","Arthropoda","Insecta","Lepidoptera","Crambidae","Autocharis","Autocharis fessalis"
"2038","Animalia","Arthropoda","Insecta","Lepidoptera","Eupterotidae","Phiala","Phiala costipuncta"
"2039","Animalia","Arthropoda","Insecta","Lepidoptera","Erebidae","Chalciope","Chalciope erecta"
"2040","Animalia","Arthropoda","Insecta","Lepidoptera","Geometridae","Eulycia","Eulycia subpunctata"
"2041","Animalia","Arthropoda","Insecta","Lepidoptera","Noctuidae","Cyclopera","Cyclopera similis"
"2042","Animalia","Arthropoda","Insecta","Lepidoptera","Noctuidae","Lithacodia","Lithacodia varicolora"
"2043","Animalia","Arthropoda","Insecta","Lepidoptera","Pyralidae","Aglossa","Aglossa incultalis"
"2044","Animalia","Arthropoda","Insecta","Lepidoptera","Geometridae","Hypomecis","Hypomecis ectropodes"
"2045","Animalia","Arthropoda","Insecta","Lepidoptera","Erebidae","Carcinopodia","Carcinopodia argentata"
"2046","Animalia","Arthropoda","Insecta","Lepidoptera","Noctuidae","Hoplotarache","Hoplotarache dispar"
"2047","Animalia","Arthropoda","Insecta","Lepidoptera","Erebidae","Corgatha","Corgatha chionocraspis"
"2048","Animalia","Arthropoda","Insecta","Lepidoptera","Erebidae","Anoba","Anoba disjuncta"
"2049","Animalia","Arthropoda","Insecta","Lepidoptera","Erebidae","Heliophisma","Heliophisma klugii"
"2050","Animalia","Arthropoda","Insecta","Lepidoptera","Geometridae","Nassinia","Nassinia aurantiaca"
"2051","Animalia","Arthropoda","Insecta","Lepidoptera","Notodontidae","Polienus","Polienus rubritincta"
"2052","Animalia","Arthropoda","Insecta","Lepidoptera","Noctuidae","Lophocyttarra","Lophocyttarra phoenicoxantha"
"2053","Animalia","Arthropoda","Insecta","Lepidoptera","Noctuidae","Acontia","Acontia wahlbergi"
"2054","Animalia","Arthropoda","Insecta","Lepidoptera","Erebidae","Parallelia","Parallelia proxima"
"2055","Animalia","Arthropoda","Insecta","Lepidoptera","Geometridae","Neromia","Neromia impostura"
"2056","Animalia","Arthropoda","Insecta","Lepidoptera","Euteliidae","Eutelia","Eutelia leucodelta"
"2057","Animalia","Arthropoda","Insecta","Lepidoptera","Geometridae","Heterostegane","Heterostegane auranticollis"
"2058","Animalia","Arthropoda","Insecta","Lepidoptera","Pyralidae","Grammiphlebia","Grammiphlebia striata"
"2059","Animalia","Arthropoda","Insecta","Lepidoptera","Erebidae","Plusiodonta","Plusiodonta nictites"
"2060","Animalia","Arthropoda","Insecta","Lepidoptera","Ethmiidae","Ethmia","Ethmia rhomboidella"
"2061","Animalia","Arthropoda","Insecta","Lepidoptera","Ethmiidae","Ethmia","Ethmia austronamibiensis"
"2062","Animalia","Arthropoda","Insecta","Lepidoptera","Geometridae","Sicyodes","Sicyodes algoaria"
"2063","Animalia","Arthropoda","Insecta","Lepidoptera","Erebidae","Corgatha","Corgatha albigrisea"
"2064","Animalia","Arthropoda","Insecta","Lepidoptera","Notodontidae","Scrancia","Scrancia stictica"
"2065","Animalia","Arthropoda","Insecta","Lepidoptera","Hepialidae","Eudalaca","Eudalaca cretata"
"2066","Animalia","Arthropoda","Insecta","Lepidoptera","Erebidae","Micronola","Micronola notonana"
"2067","Animalia","Arthropoda","Insecta","Lepidoptera","Crambidae","Glyphodes","Glyphodes aniferalis"
"2068","Animalia","Arthropoda","Insecta","Lepidoptera","Nolidae","Gigantoceras","Gigantoceras rectilinea"
"2069","Animalia","Arthropoda","Insecta","Lepidoptera","Crambidae","Isocentris","Isocentris filalis"
"2070","Animalia","Arthropoda","Insecta","Lepidoptera","Erebidae","Laelia","Laelia curvivirgata"
"2071","Animalia","Arthropoda","Insecta","Lepidoptera","Erebidae","Tytroca","Tytroca metaxantha"
"2072","Animalia","Arthropoda","Insecta","Lepidoptera","Erebidae","Ecpatia","Ecpatia dulcistriga"
"2073","Animalia","Arthropoda","Insecta","Lepidoptera","Erebidae","Audea","Audea tegulata"
"2074","Animalia","Arthropoda","Insecta","Lepidoptera","Crambidae","Parapoynx","Parapoynx stagnalis"
"2075","Animalia","Arthropoda","Insecta","Lepidoptera","Erebidae","Anoba","Anoba sinuata"
"2076","Animalia","Arthropoda","Insecta","Lepidoptera","Noctuidae","Acontia","Acontia psaliphora"
"2077","Animalia","Arthropoda","Insecta","Lepidoptera","Geometridae","Omphax","Omphax plantaria"
"2078","Animalia","Arthropoda","Insecta","Lepidoptera","Noctuidae","Mythimna","Mythimna viettei"
"2079","Animalia","Arthropoda","Insecta","Lepidoptera","Geometridae","Scopula","Scopula sinnaria"
"2080","Animalia","Arthropoda","Insecta","Lepidoptera","Crambidae","Ancylolomia","Ancylolomia prepiella"
"2081","Animalia","Arthropoda","Insecta","Lepidoptera","Noctuidae","Thysanoplusia","Thysanoplusia indicator"
"2082","Animalia","Arthropoda","Insecta","Lepidoptera","Geometridae","Afrophyla","Afrophyla vethi"
"2083","Animalia","Arthropoda","Insecta","Lepidoptera","Geometridae","Eupithecia","Eupithecia sagittata"
"2084","Animalia","Arthropoda","Insecta","Lepidoptera","Crambidae","Euclasta","Euclasta warreni"
"2085","Animalia","Arthropoda","Insecta","Lepidoptera","Noctuidae","Callyna","Callyna figurans"
"2086","Animalia","Arthropoda","Insecta","Lepidoptera","Gracillariidae","Caloptilia","Caloptilia celtina"
"2087","Animalia","Arthropoda","Insecta","Lepidoptera","Nolidae","Risoba","Risoba sticticraspis"
"2088","Animalia","Arthropoda","Insecta","Lepidoptera","Crambidae","Pyrausta","Pyrausta phoenicealis"
"2089","Animalia","Arthropoda","Insecta","Lepidoptera","Noctuidae","Heraclia","Heraclia perdix"
"2090","Animalia","Arthropoda","Insecta","Lepidoptera","Noctuidae","Cosmia","Cosmia natalensis"
"2091","Animalia","Arthropoda","Insecta","Lepidoptera","Nolidae","Westermannia","Westermannia roseitincta"
"2092","Animalia","Arthropoda","Insecta","Lepidoptera","Eupterotidae","Marmaroplegma","Marmaroplegma paragarda"
"2093","Animalia","Arthropoda","Insecta","Lepidoptera","Tortricidae","Doridostoma","Doridostoma symplecta"
"2094","Animalia","Arthropoda","Insecta","Lepidoptera","Geometridae","Scopula","Scopula erinaria"
"2095","Animalia","Arthropoda","Insecta","Lepidoptera","Noctuidae","Procrateria","Procrateria noloides"
"2096","Animalia","Arthropoda","Insecta","Lepidoptera","Noctuidae","Eublemma","Eublemma alexi"
"2097","Animalia","Arthropoda","Insecta","Lepidoptera","Pyralidae","Sindris","Episindris albimaculalis"
"2098","Animalia","Arthropoda","Insecta","Lepidoptera","Crambidae","Euchromius","Euchromius nigrobasalis"
"2099","Animalia","Arthropoda","Insecta","Lepidoptera","Crambidae","Glyphodes","Glyphodes bicolor"
"2100","Animalia","Arthropoda","Insecta","Lepidoptera","Sesiidae","Synanthedon","Synanthedon ochracea"
"2101","Animalia","Arthropoda","Insecta","Lepidoptera","Erebidae","Plecoptera","Plecoptera resistens"
"2102","Animalia","Arthropoda","Insecta","Lepidoptera","Sphingidae","Sphingonaepiopsis","Sphingonaepiopsis nana"
"2103","Animalia","Arthropoda","Insecta","Lepidoptera","Erebidae","Homochira","Homochira rendalli"
"2104","Animalia","Arthropoda","Insecta","Lepidoptera","Sphingidae","Rhodafra","Rhodafra opheltes"
"2105","Animalia","Arthropoda","Insecta","Lepidoptera","Nymphalidae","Coenyra","Coenyra rufiplaga"
"2106","Animalia","Arthropoda","Insecta","Lepidoptera","Sphingidae","Hippotion","Hippotion rosae"
"2107","Animalia","Arthropoda","Insecta","Lepidoptera","Lycaenidae","Paraphnaeus","Paraphnaeus hutchinsonii"
"2108","Animalia","Arthropoda","Insecta","Lepidoptera","Nymphalidae","Coenyra","Coenyra aurantiaca"
"2109","Animalia","Arthropoda","Insecta","Lepidoptera","Erebidae","Ophisma","Ophisma albitermia"
"2110","Animalia","Arthropoda","Insecta","Lepidoptera","Lycaenidae","Thestor","Thestor braunsi"
"2111","Animalia","Arthropoda","Insecta","Lepidoptera","Psychidae","Typhonia","Typhonia circophora"
"2112","Animalia","Arthropoda","Insecta","Lepidoptera","Erebidae","Minucia","Minucia maculata"
"2113","Animalia","Arthropoda","Insecta","Lepidoptera","Psychidae","Typhonia","Typhonia petrodes"
"2114","Animalia","Arthropoda","Insecta","Lepidoptera","Lycaenidae","Thestor","Thestor dicksoni"
"2115","Animalia","Arthropoda","Insecta","Lepidoptera","Notodontidae","Polelassothys","Polelassothys plumitarsus"
"2116","Animalia","Arthropoda","Insecta","Lepidoptera","Hyblaeidae","Hyblaea","Hyblaea occidentalium"
"2117","Animalia","Arthropoda","Insecta","Lepidoptera","Lycaenidae","Thestor","Thestor protumnus"
"2118","Animalia","Arthropoda","Insecta","Lepidoptera","Somabrachyidae","Psycharium","Psycharium kammanassiense"
"2119","Animalia","Arthropoda","Insecta","Lepidoptera","Geometridae","Eupagia","Eupagia valida"
"2120","Animalia","Arthropoda","Insecta","Lepidoptera","Sphingidae","Basiothia",""
"2121","Animalia","Arthropoda","Insecta","Lepidoptera","Noctuidae","Ctenoplusia","Ctenoplusia accentifera"
"2122","Animalia","Arthropoda","Insecta","Lepidoptera","Noctuidae","Oruza","Oruza affulgens"
"2123","Animalia","Arthropoda","Insecta","Lepidoptera","Euteliidae","Penicillaria","Penicillaria ethiopica"
"2124","Animalia","Arthropoda","Insecta","Lepidoptera","Nymphalidae","Neptis","Neptis kiriakoffi"
"2125","Animalia","Arthropoda","Insecta","Lepidoptera","Bombycidae","Racinoa",""
"2126","Animalia","Arthropoda","Insecta","Lepidoptera","Noctuidae","Diaphone",""
"2127","Animalia","Arthropoda","Insecta","Lepidoptera","Erebidae","Rhanidophora",""
"2128","Animalia","Arthropoda","Insecta","Lepidoptera","Noctuidae","Ozarba","Ozarba jansei"
"2129","Animalia","Arthropoda","Insecta","Lepidoptera","Thyrididae","Hypolamprus","Hypolamprus gangaba"
"2130","Animalia","Arthropoda","Insecta","Lepidoptera","Hepialidae","Eudalaca","Eudalaca infumata"
"2131","Animalia","Arthropoda","Insecta","Lepidoptera","Nymphalidae","Cassionympha","Cassionympha perissinottoi"
"2132","Animalia","Arthropoda","Insecta","Lepidoptera","Thyrididae","Banisia","Banisia myrsusalis"
"2133","Animalia","Arthropoda","Insecta","Lepidoptera","Lycaenidae","Lepidochrysops","Lepidochrysops mcgregori"
"2134","Animalia","Arthropoda","Insecta","Lepidoptera","Lycaenidae","Lepidochrysops","Lepidochrysops praeterita"
"2135","Animalia","Arthropoda","Insecta","Lepidoptera","Noctuidae","Acronicta",""
"2136","Animalia","Arthropoda","Insecta","Lepidoptera","Geometridae","Chiasmia","Chiasmia grimmia"
"2137","Animalia","Arthropoda","Insecta","Lepidoptera","Tortricidae","Clepsis","Clepsis peritana"
"2138","Animalia","Arthropoda","Insecta","Lepidoptera","Oecophoridae","Epiphractis","Epiphractis sarcopa"
"2139","Animalia","Arthropoda","Insecta","Lepidoptera","Erebidae","Eyralpenus","Eyralpenus diplosticta"
"2140","Animalia","Arthropoda","Insecta","Lepidoptera","Geometridae","Chiasmia","Chiasmia deceptrix"
"2141","Animalia","Arthropoda","Insecta","Lepidoptera","Hepialidae","Eudalaca","Eudalaca rufescens"
"2142","Animalia","Arthropoda","Insecta","Lepidoptera","Psychidae","Criocharacta","Criocharacta amphiactis"
"2143","Animalia","Arthropoda","Insecta","Lepidoptera","Lycaenidae","Aloeides","Aloeides clarki"
"2144","Animalia","Arthropoda","Insecta","Lepidoptera","Geometridae","Drepanogynis","Drepanogynis legraini"
"2145","Animalia","Arthropoda","Insecta","Lepidoptera","Erebidae","Pseudobazisa","Pseudobazisa perculta"
"2146","Animalia","Arthropoda","Insecta","Lepidoptera","Sphingidae","Sphingonaepiopsis","Sphingonaepiopsis ansorgei"
"2147","Animalia","Arthropoda","Insecta","Lepidoptera","Lycaenidae","Epamera","Epamera diametra"
"2148","Animalia","Arthropoda","Insecta","Lepidoptera","Zygaenidae","Neurosymploca","Neurosymploca namaqua"
"2149","Animalia","Arthropoda","Insecta","Lepidoptera","Erebidae","Catephia","Catephia natalensis"
"2150","Animalia","Arthropoda","Insecta","Lepidoptera","Erebidae","Pseudonaclia","Pseudonaclia bifasciata"
"2151","Animalia","Arthropoda","Insecta","Lepidoptera","Geometridae","Scopula","Scopula opperta"
"2152","Animalia","Arthropoda","Insecta","Lepidoptera","Erebidae","Siccia","Siccia melanospila"
"2153","Animalia","Arthropoda","Insecta","Lepidoptera","Oecophoridae","Tanyzancla","Tanyzancla erastis"
"2154","Animalia","Arthropoda","Insecta","Lepidoptera","Noctuidae","Conservula","Conservula minor"
"2155","Animalia","Arthropoda","Insecta","Lepidoptera","Sesiidae","Homogyna","Homogyna ignivittata"
"2156","Animalia","Arthropoda","Insecta","Lepidoptera","Erebidae","Cyana","Cyana nemasisha"
"2157","Animalia","Arthropoda","Insecta","Lepidoptera","Geometridae","Allochlorodes","Allochlorodes elpis"
"2158","Animalia","Arthropoda","Insecta","Lepidoptera","Geometridae","Chrysocraspeda","Chrysocraspeda leighata"
"2159","Animalia","Arthropoda","Insecta","Lepidoptera","Uraniidae","Monoplema","Monoplema fumigera"
"2160","Animalia","Arthropoda","Insecta","Lepidoptera","Euteliidae","Marathyssa","Marathyssa cuneata"
"2161","Animalia","Arthropoda","Insecta","Lepidoptera","Lasiocampidae","Pachymetana","Pachymetana argenteoguttata"
"2162","Animalia","Arthropoda","Insecta","Lepidoptera","Pterophoridae","Pterophorus","Pterophorus pentadactyla"
"2163","Animalia","Arthropoda","Insecta","Lepidoptera","Alucitidae","Alucita","Alucita phanerarcha"
"2164","Animalia","Arthropoda","Insecta","Lepidoptera","Erebidae","Anticarsia","Anticarsia irrorata"
"2165","Animalia","Arthropoda","Insecta","Lepidoptera","Hepialidae","Eudalaca","Eudalaca exul"
"2166","Animalia","Arthropoda","Insecta","Lepidoptera","Geometridae","Zerenopsis","Zerenopsis geometrina"
"2167","Animalia","Arthropoda","Insecta","Lepidoptera","Thyrididae","Kuja","Kuja squamigera"
"2168","Animalia","Arthropoda","Insecta","Lepidoptera","Geometridae","Aspilatopsis","Aspilatopsis punctata"
"2169","Animalia","Arthropoda","Insecta","Lepidoptera","Sphingidae","Temnora","Temnora namaqua"
"2170","Animalia","Arthropoda","Insecta","Lepidoptera","Sphingidae","Hippotion","Hippotion aporodes"
"2171","Animalia","Arthropoda","Insecta","Lepidoptera","Crambidae","Pediasia","Pediasia angulilinea"
"2172","Animalia","Arthropoda","Insecta","Lepidoptera","Crambidae","Ancylolomia","Ancylolomia capensis"
"2173","Animalia","Arthropoda","Insecta","Lepidoptera","Cossidae","Eulophonotus","Eulophonotus hyalinipennis"
"2174","Animalia","Arthropoda","Insecta","Lepidoptera","Sphingidae","Pseudoclanis","Pseudoclanis molitor"
"2175","Animalia","Arthropoda","Insecta","Lepidoptera","Geometridae","Scopula","Scopula sincera"
"2176","Animalia","Arthropoda","Insecta","Lepidoptera","Erebidae","Hypena","Hypena holophaea"
"2177","Animalia","Arthropoda","Insecta","Lepidoptera","Geometridae","Mixocera","Mixocera viridans"
"2178","Animalia","Arthropoda","Insecta","Lepidoptera","Sphingidae","Temnora","Temnora inornatum"
"2179","Animalia","Arthropoda","Insecta","Lepidoptera","Erebidae","Dasychira","Dasychira metathermes"
"2180","Animalia","Arthropoda","Insecta","Lepidoptera","Erebidae","Achaea","Achaea dasybasis"
"2181","Animalia","Arthropoda","Insecta","Lepidoptera","Geometridae","Pingasa","Pingasa distensaria"
"2182","Animalia","Arthropoda","Insecta","Lepidoptera","Erebidae","Diatenes","Diatenes chalybescens"
"2183","Animalia","Arthropoda","Insecta","Lepidoptera","Geometridae","Xenimpia","Xenimpia lactesignata"
"2184","Animalia","Arthropoda","Insecta","Lepidoptera","Lycaenidae","Cnodontes","Cnodontes penningtoni"
"2185","Animalia","Arthropoda","Insecta","Lepidoptera","Erebidae","Polypogon","Polypogon typomelas"
"2186","Animalia","Arthropoda","Insecta","Lepidoptera","Crambidae","Chabulina",""
"2187","Animalia","Arthropoda","Insecta","Lepidoptera","Yponomeutidae","Zelleria","Zelleria oleastrella"
"2188","Animalia","Arthropoda","Insecta","Lepidoptera","Pyralidae","Umkulunkula","Umkulunkula kalahariensis"
"2189","Animalia","Arthropoda","Insecta","Lepidoptera","Geometridae","Somatina","Somatina vestalis"
"2190","Animalia","Arthropoda","Insecta","Lepidoptera","Notodontidae","Fentonina","Fentonina punctum"
"2191","Animalia","Arthropoda","Insecta","Lepidoptera","Pieridae","Colotis","Colotis danae"
"2192","Animalia","Arthropoda","Insecta","Lepidoptera","Geometridae","Scopula","Scopula pulchellata"
"2193","Animalia","Arthropoda","Insecta","Lepidoptera","Crambidae","Pyrausta","Pyrausta gemmiferalis"
"2194","Animalia","Arthropoda","Insecta","Lepidoptera","Erebidae","Calliodes","Calliodes appollina"
"2195","Animalia","Arthropoda","Insecta","Lepidoptera","Zygaenidae","Neurosymploca","Neurosymploca zelleri"
"2196","Animalia","Arthropoda","Insecta","Lepidoptera","Noctuidae","Thysanoplusia","Thysanoplusia chalcedona"
"2197","Animalia","Arthropoda","Insecta","Lepidoptera","Lasiocampidae","Stoermeriana","Stoermeriana singulare"
"2198","Animalia","Arthropoda","Insecta","Lepidoptera","Pyralidae","Aglossa","Aglossa phaealis"
"2199","Animalia","Arthropoda","Insecta","Lepidoptera","Notodontidae","Sarimarais","Sarimarais bicolor"
"2200","Animalia","Arthropoda","Insecta","Lepidoptera","Geometridae","Allochrostes","Allochrostes saliata"
"2201","Animalia","Arthropoda","Insecta","Lepidoptera","Limacodidae","Isozinara","Isozinara pallidifascia"
"2202","Animalia","Arthropoda","Insecta","Lepidoptera","Erebidae","Corgatha","Corgatha micropolia"
"2203","Animalia","Arthropoda","Insecta","Lepidoptera","Crambidae","Ephelis","Ephelis maesi"
"2204","Animalia","Arthropoda","Insecta","Lepidoptera","Erebidae","Laelia","Laelia municipalis"
"2205","Animalia","Arthropoda","Insecta","Lepidoptera","Noctuidae","Thysanoplusia","Thysanoplusia spoliata"
"2206","Animalia","Arthropoda","Insecta","Lepidoptera","Tineidae","Acridotarsa","Acridotarsa melipecta"
"2207","Animalia","Arthropoda","Insecta","Lepidoptera","Bombycidae","Bombyx","Bombyx mori"
"2208","Animalia","Arthropoda","Insecta","Lepidoptera","Lycaenidae","Ornipholidotos","Ornipholidotos peucetia"
"2209","Animalia","Arthropoda","Insecta","Lepidoptera","Erebidae","Plecoptera","Plecoptera stuhlmanni"
"2210","Animalia","Arthropoda","Insecta","Lepidoptera","Notodontidae","Simesia","Simesia dasychiroides"
"2211","Animalia","Arthropoda","Insecta","Lepidoptera","Sesiidae","Homogyna","Homogyna xanthophora"
"2212","Animalia","Arthropoda","Insecta","Lepidoptera","Lycaenidae","Lepidochrysops","Lepidochrysops letsea"
"2213","Animalia","Arthropoda","Insecta","Lepidoptera","Limacodidae","Scotinochroa","Scotinochroa inconsequens"
"2214","Animalia","Arthropoda","Insecta","Lepidoptera","Choreutidae","Anthophila","Anthophila gratiosa"
"2215","Animalia","Arthropoda","Insecta","Lepidoptera","Sesiidae","Camaegeria","Camaegeria sophax"
"2216","Animalia","Arthropoda","Insecta","Lepidoptera","Erebidae","Dysgonia","Dysgonia algira"
"2217","Animalia","Arthropoda","Insecta","Lepidoptera","Lycaenidae","Poecilmitis","Poecilmitis aridus"
"2218","Animalia","Arthropoda","Insecta","Lepidoptera","Crambidae","Culladia","Culladia inconspicuellus"
"2219","Animalia","Arthropoda","Insecta","Lepidoptera","Pyralidae","Endotricha","Endotricha consobrinalis"
"2220","Animalia","Arthropoda","Insecta","Lepidoptera","Geometridae","Chiasmia","Chiasmia tecnium"
"2221","Animalia","Arthropoda","Insecta","Lepidoptera","Geometridae","Comostolopsis","Comostolopsis apicata"
"2222","Animalia","Arthropoda","Insecta","Lepidoptera","Noctuidae","Acontia","Acontia caffraria"
"2223","Animalia","Arthropoda","Insecta","Lepidoptera","Erebidae","Maxera","Maxera zygia"
"2224","Animalia","Arthropoda","Insecta","Lepidoptera","Sesiidae","Cabomina","Cabomina leucopleura"
"2225","Animalia","Arthropoda","Insecta","Lepidoptera","Geometridae","Celidomphax","Celidomphax rubrimaculata"
"2226","Animalia","Arthropoda","Insecta","Lepidoptera","Noctuidae","Nonagria",""
"2227","Animalia","Arthropoda","Insecta","Lepidoptera","Noctuidae","Omphalestra","Omphalestra mesoglauca"
"2228","Animalia","Arthropoda","Insecta","Lepidoptera","Lycaenidae","Anthene","Anthene butleri"
"2229","Animalia","Arthropoda","Insecta","Lepidoptera","Sesiidae","Anaudia","Anaudia thyranthrena"
"2230","Animalia","Arthropoda","Insecta","Lepidoptera","Crambidae","Prionapteryx","Prionapteryx molybdella"
"2231","Animalia","Arthropoda","Insecta","Lepidoptera","Erebidae","Grammarctia","Grammarctia bilinea"
"2232","Animalia","Arthropoda","Insecta","Lepidoptera","Erebidae","Hampsonata","Hampsonata xaixaia"
"2233","Animalia","Arthropoda","Insecta","Lepidoptera","Crambidae","Agrotera","Agrotera citrina"
"2234","Animalia","Arthropoda","Insecta","Lepidoptera","Erebidae","Homaea",""
"2235","Animalia","Arthropoda","Insecta","Lepidoptera","Tineidae","Opogona","Opogona dimidiatella"
"2236","Animalia","Arthropoda","Insecta","Lepidoptera","Nolidae","Acripia","Acripia subolivacea"
"2237","Animalia","Arthropoda","Insecta","Lepidoptera","Erebidae","Dermaleipa","Dermaleipa rubricata"
"2238","Animalia","Arthropoda","Insecta","Lepidoptera","Pyralidae","Stemmatophora","Stemmatophora chloralis"
"2239","Animalia","Arthropoda","Insecta","Lepidoptera","Erebidae","Oglasa","Oglasa renilinea"
"2240","Animalia","Arthropoda","Insecta","Lepidoptera","Erebidae","Colbusa","Colbusa euclidica"
"2241","Animalia","Arthropoda","Insecta","Lepidoptera","Noctuidae","Aedia","Aedia squamosa"
"2242","Animalia","Arthropoda","Insecta","Lepidoptera","Noctuidae","Craniophora","Craniophora paragrapha"
"2243","Animalia","Arthropoda","Insecta","Lepidoptera","Geometridae","Adicocrita","Adicocrita araria"
"2244","Animalia","Arthropoda","Insecta","Lepidoptera","Pyralidae","Pithyllis","Pithyllis metachryseis"
"2245","Animalia","Arthropoda","Insecta","Lepidoptera","Noctuidae","Iambia","Iambia inferalis"
"2246","Animalia","Arthropoda","Insecta","Lepidoptera","Noctuidae","Eustrotia","Eustrotia megalena"
"2247","Animalia","Arthropoda","Insecta","Lepidoptera","Sesiidae","Agriomelissa","Agriomelissa ursipes"
"2248","Animalia","Arthropoda","Insecta","Lepidoptera","Noctuidae","Mythimna","Mythimna corax"
"2249","Animalia","Arthropoda","Insecta","Lepidoptera","Sesiidae","Alonina","Alonina luteopunctata"
"2250","Animalia","Arthropoda","Insecta","Lepidoptera","Nolidae","Selepa","Selepa transvalica"
"2251","Animalia","Arthropoda","Insecta","Lepidoptera","Noctuidae","Cyclopera","Cyclopera bucephalidia"
"2252","Animalia","Arthropoda","Insecta","Lepidoptera","Sesiidae","Cabomina","Cabomina flavivertex"
"2253","Animalia","Arthropoda","Insecta","Lepidoptera","Geometridae","Adicocrita","Adicocrita discerpta"
"2254","Animalia","Arthropoda","Insecta","Lepidoptera","Geometridae","Rhodesia","Rhodesia alboviridata"
"2255","Animalia","Arthropoda","Insecta","Lepidoptera","Erebidae","Eurosia","Eurosia lineata"
"2256","Animalia","Arthropoda","Insecta","Lepidoptera","Lasiocampidae","Bombycopsis","Bombycopsis metallicus"
"2257","Animalia","Arthropoda","Insecta","Lepidoptera","Noctuidae","Feliniopsis","Feliniopsis africana"
"2258","Animalia","Arthropoda","Insecta","Lepidoptera","Noctuidae","Plusiopalpa","Plusiopalpa dichora"
"2259","Animalia","Arthropoda","Insecta","Lepidoptera","Erebidae","Achaea",""
"2260","Animalia","Arthropoda","Insecta","Lepidoptera","Erebidae","Hypena","Hypena saltalis"
"2261","Animalia","Arthropoda","Insecta","Lepidoptera","Lycaenidae","Chrysoritis","Chrysoritis nigricans"
"2262","Animalia","Arthropoda","Insecta","Lepidoptera","Erebidae","Oraesia","Oraesia emarginata"
"2263","Animalia","Arthropoda","Insecta","Lepidoptera","Erebidae","Naarda","Naarda flavisignata"
"2264","Animalia","Arthropoda","Insecta","Lepidoptera","Geometridae","Chiasmia","Chiasmia natalensis"
"2265","Animalia","Arthropoda","Insecta","Lepidoptera","Geometridae","Pingasa","Pingasa rhadamaria"
"2266","Animalia","Arthropoda","Insecta","Lepidoptera","Notodontidae","Eurystaura","Eurystaura griseitincta"
"2267","Animalia","Arthropoda","Insecta","Lepidoptera","Geometridae","Cleora","Cleora rothkirchi"
"2268","Animalia","Arthropoda","Insecta","Lepidoptera","Crambidae","Syllepte","Syllepte glebalis"
"2269","Animalia","Arthropoda","Insecta","Lepidoptera","Geometridae","Gymnoscelis","Gymnoscelis oribiensis"
"2270","Animalia","Arthropoda","Insecta","Lepidoptera","Erebidae","Plusiodonta","Plusiodonta achalcea"
"2271","Animalia","Arthropoda","Insecta","Lepidoptera","Lycaenidae","Lepidochrysops","Lepidochrysops littoralis"
"2272","Animalia","Arthropoda","Insecta","Lepidoptera","Erebidae","Cyligramma","Cyligramma magus"
"2273","Animalia","Arthropoda","Insecta","Lepidoptera","Geometridae","Ectropis","Ectropis spoliataria"
"2274","Animalia","Arthropoda","Insecta","Lepidoptera","Geometridae","Pareclipsis","Pareclipsis oxyptera"
"2275","Animalia","Arthropoda","Insecta","Lepidoptera","Erebidae","Proconis","Proconis abrostoloides"
"2276","Animalia","Arthropoda","Insecta","Lepidoptera","Cossidae","Azygophleps","Azygophleps cooksoni"
"2277","Animalia","Arthropoda","Insecta","Lepidoptera","Erebidae","Rhynchina","Rhynchina coniodes"
"2278","Animalia","Arthropoda","Insecta","Lepidoptera","Nolidae","Arcyophora","Arcyophora patricula"
"2279","Animalia","Arthropoda","Insecta","Lepidoptera","Sesiidae","Alonina","Alonina rufa"
"2280","Animalia","Arthropoda","Insecta","Lepidoptera","Noctuidae","Cucullia","Cucullia terensis"
"2281","Animalia","Arthropoda","Insecta","Lepidoptera","Notodontidae","Epicerura","Epicerura steniptera"
"2282","Animalia","Arthropoda","Insecta","Lepidoptera","Erebidae","Olapa","Olapa furva"
"2283","Animalia","Arthropoda","Insecta","Lepidoptera","Lycaenidae","Poecilmitis","Poecilmitis endymion"
"2284","Animalia","Arthropoda","Insecta","Lepidoptera","Crambidae","Classeya","Classeya argyrodonta"
"2285","Animalia","Arthropoda","Insecta","Lepidoptera","Geometridae","Conchylia","Conchylia lapsicolumna"
"2286","Animalia","Arthropoda","Insecta","Lepidoptera","Geometridae","Zamarada","Zamarada deceptrix"
"2287","Animalia","Arthropoda","Insecta","Lepidoptera","Geometridae","Scopula","Scopula ruficolor"
"2288","Animalia","Arthropoda","Insecta","Lepidoptera","Psychidae","Oiketicoides","Oiketicoides maledicta"
"2289","Animalia","Arthropoda","Insecta","Lepidoptera","Geometridae","Aspilatopsis","Aspilatopsis admiranda"
"2290","Animalia","Arthropoda","Insecta","Lepidoptera","Sphingidae","Phylloxiphia","Phylloxiphia metria"
"2291","Animalia","Arthropoda","Insecta","Lepidoptera","Sphingidae","Rufoclanis","Rufoclanis jansei"
"2292","Animalia","Arthropoda","Insecta","Lepidoptera","Noctuidae","Heliocheilus","Heliocheilus galatheae"
"2293","Animalia","Arthropoda","Insecta","Lepidoptera","Alucitidae","Alucita",""
"2294","Animalia","Arthropoda","Insecta","Lepidoptera","Noctuidae","Spodoptera",""
"2295","Animalia","Arthropoda","Insecta","Lepidoptera","Crambidae","",""
"2296","Animalia","Arthropoda","Insecta","Lepidoptera","Lasiocampidae","Laeliopsis","Laeliopsis punctuligera"
"2297","Animalia","Arthropoda","Insecta","Lepidoptera","Erebidae","Grammodes",""
"2298","Animalia","Arthropoda","Insecta","Lepidoptera","Erebidae","Hypena","Hypena masurialis"
"2299","Animalia","Arthropoda","Insecta","Lepidoptera","Thyrididae","Kalenga","Kalenga ansorgei"
"2300","Animalia","Arthropoda","Insecta","Lepidoptera","Noctuidae","Mythimna","Mythimna hamata"
"2301","Animalia","Arthropoda","Insecta","Lepidoptera","Noctuidae","Araeopteron",""
"2302","Animalia","Arthropoda","Insecta","Lepidoptera","Geometridae","Scopula",""
"2303","Animalia","Arthropoda","Insecta","Lepidoptera","Cossidae","Strigocossus","Strigocossus capensis"
"2304","Animalia","Arthropoda","Insecta","Lepidoptera","Lycaenidae","Leptomyrina",""
"2305","Animalia","Arthropoda","Insecta","Lepidoptera","Pyralidae","Hypsopygia",""
"2306","Animalia","Arthropoda","Insecta","Lepidoptera","Sphingidae","Covelliana",""
"2307","Animalia","Arthropoda","Insecta","Lepidoptera","Geometridae","Drepanogynis","Drepanogynis epione"
"2308","Animalia","Arthropoda","Insecta","Lepidoptera","Erebidae","Maxera","Maxera marchalii"
"2309","Animalia","Arthropoda","Insecta","Lepidoptera","Eupterotidae","Stenoglene",""
"2310","Animalia","Arthropoda","Insecta","Lepidoptera","Hesperiidae","Gegenes",""
"2311","Animalia","Arthropoda","Insecta","Lepidoptera","Geometridae","Mixocera",""
"2312","Animalia","Arthropoda","Insecta","Lepidoptera","Saturniidae","Gonimbrasia","Gonimbrasia wahlbergii"
"2313","Animalia","Arthropoda","Insecta","Lepidoptera","Geometridae","Isturgia","Isturgia pulinda"
"2314","Animalia","Arthropoda","Insecta","Lepidoptera","Noctuidae","Leumicamia","Leumicamia leucosoma"
"2315","Animalia","Arthropoda","Insecta","Lepidoptera","Geometridae","Parortholitha",""
"2316","Animalia","Arthropoda","Insecta","Lepidoptera","Noctuidae","Lophoruza","Lophoruza semiscripta"
"2317","Animalia","Arthropoda","Insecta","Lepidoptera","Tortricidae","",""
"2318","Animalia","Arthropoda","Insecta","Lepidoptera","Notodontidae","Polienus","Polienus capillata"
"2319","Animalia","Arthropoda","Insecta","Lepidoptera","Hesperiidae","Andronymus","Andronymus neander"
"2320","Animalia","Arthropoda","Insecta","Lepidoptera","Sesiidae","Melittia","Melittia pyropis"
"2321","Animalia","Arthropoda","Insecta","Lepidoptera","Saturniidae","Vegetia","Vegetia ducalis"
"2322","Animalia","Arthropoda","Insecta","Lepidoptera","Notodontidae","Cerurella","Cerurella natalensis"
"2323","Animalia","Arthropoda","Insecta","Lepidoptera","Pieridae","Eurema","Eurema brigitta"
"2324","Animalia","Arthropoda","Insecta","Lepidoptera","Hesperiidae","Gegenes","Gegenes niso"
"2325","Animalia","Arthropoda","Insecta","Lepidoptera","Nymphalidae","Torynesis","Torynesis orangica"
"2326","Animalia","Arthropoda","Insecta","Lepidoptera","Nymphalidae","Gnophodes","Gnophodes parmeno"
"2327","Animalia","Arthropoda","Insecta","Lepidoptera","Erebidae","Orgyia","Orgyia mixta"
"2328","Animalia","Arthropoda","Insecta","Lepidoptera","Noctuidae","Trichoplusia","Trichoplusia ni"
"2329","Animalia","Arthropoda","Insecta","Lepidoptera","Lycaenidae","Deudorix","Deudorix dinomenes"
"2330","Animalia","Arthropoda","Insecta","Lepidoptera","Geometridae","Acidaliastis","Acidaliastis prophanes"
"2331","Animalia","Arthropoda","Insecta","Lepidoptera","Noctuidae","Metachrostis","Metachrostis rubripuncta"
"2332","Animalia","Arthropoda","Insecta","Lepidoptera","Geometridae","Mauna","Mauna filia"
"2333","Animalia","Arthropoda","Insecta","Lepidoptera","Geometridae","Chlorocoma","Chlorocoma didita"
"2334","Animalia","Arthropoda","Insecta","Lepidoptera","Geometridae","Panhyperochia","Panhyperochia ingens"
"2335","Animalia","Arthropoda","Insecta","Lepidoptera","Tortricidae","Clepsis","Clepsis spectrana"
"2336","Animalia","Arthropoda","Insecta","Lepidoptera","Geometridae","Conchylia","Conchylia frosinaria"
"2337","Animalia","Arthropoda","Insecta","Lepidoptera","Noctuidae","Vietteania",""
"2338","Animalia","Arthropoda","Insecta","Lepidoptera","Lycaenidae","Leptotes","Leptotes jeanneli"
"2339","Animalia","Arthropoda","Insecta","Lepidoptera","Geometridae","Odontopera","Odontopera stictoneura"
"2340","Animalia","Arthropoda","Insecta","Lepidoptera","Geometridae","Odontopera","Aethiopodes medioumbrata"
"2341","Animalia","Arthropoda","Insecta","Lepidoptera","Drepanidae","Gonoreta","Gonoreta opacifinis"
"2342","Animalia","Arthropoda","Insecta","Lepidoptera","Lycaenidae","Lepidochrysops","Lepidochrysops balli"
"2343","Animalia","Arthropoda","Insecta","Lepidoptera","Uraniidae","Phazaca","Phazaca theclata"
"2344","Animalia","Arthropoda","Insecta","Lepidoptera","Erebidae","Automolis",""
"2345","Animalia","Arthropoda","Insecta","Lepidoptera","Hepialidae","Gorgopis","Gorgopis pholidota"
"2346","Animalia","Arthropoda","Insecta","Lepidoptera","Lasiocampidae","Odontocheilopteryx","Odontocheilopteryx obscura"
"2347","Animalia","Arthropoda","Insecta","Lepidoptera","Noctuidae","Feliniopsis",""
"2348","Animalia","Arthropoda","Insecta","Lepidoptera","Pieridae","Colotis","Colotis agoye"
"2349","Animalia","Arthropoda","Insecta","Lepidoptera","Crambidae","Palpita",""
"2350","Animalia","Arthropoda","Insecta","Lepidoptera","Noctuidae","Mazuca","Mazuca amoena"
"2351","Animalia","Arthropoda","Insecta","Lepidoptera","Erebidae","Paraproctis","Paraproctis chionopeza"
"2352","Animalia","Arthropoda","Insecta","Lepidoptera","Erebidae","Lacipa","Lacipa pulverea"
"2353","Animalia","Arthropoda","Insecta","Lepidoptera","Erebidae","Dasychira","Dasychira hampsoni"
"2354","Animalia","Arthropoda","Insecta","Lepidoptera","Nymphalidae","Acraea","Acraea aganice"
"2355","Animalia","Arthropoda","Insecta","Lepidoptera","Nymphalidae","Acraea","Acraea encedon"
"2356","Animalia","Arthropoda","Insecta","Lepidoptera","Erebidae","Rhynchina","Rhynchina poecilopa"
"2357","Animalia","Arthropoda","Insecta","Lepidoptera","Erebidae","Remigiodes","Remigiodes remigina"
"2358","Animalia","Arthropoda","Insecta","Lepidoptera","Erebidae","Amerila","Amerila magnifica"
"2359","Animalia","Arthropoda","Insecta","Lepidoptera","Erebidae","Ulotrichopus","Ulotrichopus lucidus"
"2360","Animalia","Arthropoda","Insecta","Lepidoptera","Noctuidae","Ctenoplusia","Ctenoplusia melanocephala"
"2361","Animalia","Arthropoda","Insecta","Lepidoptera","Gracillariidae","Acrocercops","Acrocercops chrysophylli"
"2362","Animalia","Arthropoda","Insecta","Lepidoptera","Geometridae","Scopula","Scopula donovani"
"2363","Animalia","Arthropoda","Insecta","Lepidoptera","Erebidae","Radara","Radara subcupralis"
"2364","Animalia","Arthropoda","Insecta","Lepidoptera","Lasiocampidae","Bombycomorpha",""
"2365","Animalia","Arthropoda","Insecta","Lepidoptera","Pieridae","Appias",""
"2366","Animalia","Arthropoda","Insecta","Lepidoptera","Geometridae","Archichlora","Archichlora rectilineata"
"2367","Animalia","Arthropoda","Insecta","Lepidoptera","Hepialidae","Eudalaca","Eudalaca ibex"
"2368","Animalia","Arthropoda","Insecta","Lepidoptera","Nymphalidae","Pseudonympha","Pseudonympha machacha"
"2369","Animalia","Arthropoda","Insecta","Lepidoptera","Nymphalidae","Neita","Neita durbani"
"2370","Animalia","Arthropoda","Insecta","Lepidoptera","Lycaenidae","Thestor","Thestor penningtoni"
"2371","Animalia","Arthropoda","Insecta","Lepidoptera","Lycaenidae","Aloeides","Aloeides susanae"
"2372","Animalia","Arthropoda","Insecta","Lepidoptera","Nymphalidae","Pseudonympha","Pseudonympha poetula"
"2373","Animalia","Arthropoda","Insecta","Lepidoptera","Nymphalidae","Tarsocera","Tarsocera namaquensis"
"2374","Animalia","Arthropoda","Insecta","Lepidoptera","Thyrididae","Chrysotypus","Chrysotypus dawsoni"
"2375","Animalia","Arthropoda","Insecta","Lepidoptera","Notodontidae","Clostera","Clostera limacodina"
"2376","Animalia","Arthropoda","Insecta","Lepidoptera","Noctuidae","Lophonotidia","Lophonotidia nocturna"
"2377","Animalia","Arthropoda","Insecta","Lepidoptera","Limacodidae","Jordaniana","Jordaniana lactea"
"2378","Animalia","Arthropoda","Insecta","Lepidoptera","Geometridae","Drepanogynis","Drepanogynis monas"
"2379","Animalia","Arthropoda","Insecta","Lepidoptera","Geometridae","Melinoessa","Melinoessa croesaria"
"2380","Animalia","Arthropoda","Insecta","Lepidoptera","Noctuidae","Syfanoidea","Syfanoidea schencki"
"2381","Animalia","Arthropoda","Insecta","Lepidoptera","Erebidae","Plusiodonta","Plusiodonta commoda"
"2382","Animalia","Arthropoda","Insecta","Lepidoptera","Erebidae","Dasychira","Dasychira albimaculata"
"2383","Animalia","Arthropoda","Insecta","Lepidoptera","Erebidae","Maxera","Maxera digoniata"
"2384","Animalia","Arthropoda","Insecta","Lepidoptera","Notodontidae","Antheua","Antheua woerdeni"
"2385","Animalia","Arthropoda","Insecta","Lepidoptera","Notodontidae","Fentonina","Fentonina exacta"
"2386","Animalia","Arthropoda","Insecta","Lepidoptera","Cecidosidae","Scyrotis","Scyrotis athleta"
"2387","Animalia","Arthropoda","Insecta","Lepidoptera","Erebidae","Laelia","Laelia fracta"
"2388","Animalia","Arthropoda","Insecta","Lepidoptera","Sesiidae","Homogyna","Homogyna sanguipennis"
"2389","Animalia","Arthropoda","Insecta","Lepidoptera","Sesiidae","Monopetalotaxis","Monopetalotaxis doleriformis"
"2390","Animalia","Arthropoda","Insecta","Lepidoptera","Geometridae","Derrioides","Derrioides rufaria"
"2391","Animalia","Arthropoda","Insecta","Lepidoptera","Geometridae","Hebdomophruda","Hebdomophruda endroedyi"
"2392","Animalia","Arthropoda","Insecta","Lepidoptera","Geometridae","Pseudomaenas","Pseudomaenas prominens"
"2393","Animalia","Arthropoda","Insecta","Lepidoptera","Geometridae","Hebdomophruda","Hebdomophruda errans"
"2394","Animalia","Arthropoda","Insecta","Lepidoptera","Geometridae","Barrama","Barrama impunctata"
"2395","Animalia","Arthropoda","Insecta","Lepidoptera","Lasiocampidae","Streblote","Streblote polydora"
"2396","Animalia","Arthropoda","Insecta","Lepidoptera","Notodontidae","Janthinisca","Janthinisca joannoui"
"2397","Animalia","Arthropoda","Insecta","Lepidoptera","Erebidae","Achaea","Achaea mormoides"
"2398","Animalia","Arthropoda","Insecta","Lepidoptera","Geometridae","Drepanogynis","Drepanogynis incondita"
"2399","Animalia","Arthropoda","Insecta","Lepidoptera","Scythrididae","Eretmocera","Eretmocera fuscipennis"
"2400","Animalia","Arthropoda","Insecta","Lepidoptera","Geometridae","Zamarada","Zamarada metrioscaphes"
"2401","Animalia","Arthropoda","Insecta","Lepidoptera","Sphingidae","Phylloxiphia","Phylloxiphia punctum"
"2402","Animalia","Arthropoda","Insecta","Lepidoptera","Erebidae","Achaea","Achaea boris"
"2403","Animalia","Arthropoda","Insecta","Lepidoptera","Noctuidae","Athetis","Athetis satellitia"
"2404","Animalia","Arthropoda","Insecta","Lepidoptera","Limacodidae","Parasa","Parasa connexa"
"2405","Animalia","Arthropoda","Insecta","Lepidoptera","Noctuidae","Centrarthra","Centrarthra dicksoni"
"2406","Animalia","Arthropoda","Insecta","Lepidoptera","Geometridae","Chiasmia","Chiasmia feraliata"
"2407","Animalia","Arthropoda","Insecta","Lepidoptera","Hepialidae","Gorgopis","Gorgopis cochlias"
"2408","Animalia","Arthropoda","Insecta","Lepidoptera","Geometridae","Zamarada","Zamarada varii"
"2409","Animalia","Arthropoda","Insecta","Lepidoptera","Sphingidae","Pseudoclanis","Pseudoclanis staudei"
"2410","Animalia","Arthropoda","Insecta","Lepidoptera","Hesperiidae","Gegenes","Gegenes hottentota"
"2411","Animalia","Arthropoda","Insecta","Lepidoptera","Geometridae","Zeuctoboarmia","Zeuctoboarmia cataimena"
"2412","Animalia","Arthropoda","Insecta","Lepidoptera","Geometridae","Larentioides","Larentioides cacothemon"
"2413","Animalia","Arthropoda","Insecta","Lepidoptera","Adelidae","Ceromitia","Ceromitia natalensis"
"2414","Animalia","Arthropoda","Insecta","Lepidoptera","Lycaenidae","Albulina","Albulina orbitulus"
"2415","Animalia","Arthropoda","Insecta","Lepidoptera","Erebidae","Dermaleipa","Dermaleipa parallelipipeda"
"2416","Animalia","Arthropoda","Insecta","Lepidoptera","Geometridae","Scopula","Scopula obliquiscripta"
"2417","Animalia","Arthropoda","Insecta","Lepidoptera","Erebidae","Pericyma","Pericyma polygramma"
"2418","Animalia","Arthropoda","Insecta","Lepidoptera","Nymphalidae","Junonia","Junonia stygia"
